ORF Length,GC Content,Transcript Length,CpG Island,Ficket score,coding=1
225,56,378,3,0,0
144,35,2726,12,0,0
117,41,515,6,1,0
417,49,2408,37,0,0
159,45,1212,22,0,0
276,48,626,12,1,0
183,45,1211,25,1,0
168,41,619,6,0,0
114,38,400,2,0,0
117,40,509,5,1,0
93,38,580,1,1,0
225,38,1100,17,1,0
216,38,690,3,1,0
366,50,8389,211,1,0
237,45,2748,30,1,0
111,48,1918,42,0,0
258,44,933,8,1,0
72,38,441,2,1,0
135,38,737,7,0,0
183,37,753,6,1,0
1020,48,3247,101,0,1
288,39,984,11,0,0
261,45,5249,59,0,0
216,50,1765,30,0,0
162,44,985,12,1,0
123,42,352,4,1,0
234,50,490,10,2,0
270,54,2626,129,1,0
1041,54,1542,80,1,1
183,44,1369,16,1,0
318,55,576,17,0,0
183,43,670,7,1,0
438,44,3991,57,2,0
186,48,1809,18,0,0
174,43,709,6,1,0
228,50,2257,50,1,0
117,48,606,18,1,0
144,48,669,20,1,0
141,48,1932,70,1,0
300,50,567,17,0,0
210,57,1316,68,1,0
789,54,1953,36,1,0
417,62,1832,92,1,0
354,54,932,19,1,0
345,54,738,17,0,0
120,47,391,9,1,0
258,45,771,21,1,0
135,50,746,20,1,0
306,58,1133,37,1,0
390,50,748,8,1,0
198,45,2574,42,1,0
318,50,2260,74,1,0
360,41,2446,36,0,0
483,44,3404,36,1,0
84,51,839,20,1,0
300,59,2677,108,1,0
243,42,1840,17,0,0
198,37,1709,15,0,0
198,49,1289,11,1,0
519,70,1381,123,1,1
315,36,2079,16,0,0
153,40,1189,10,1,0
147,52,424,8,2,0
213,44,907,12,1,0
66,38,373,1,1,0
276,41,1268,9,1,0
204,45,391,4,1,0
309,42,507,7,0,0
156,38,436,4,1,0
378,50,1521,20,0,0
132,39,866,4,0,0
108,38,1672,8,0,0
414,44,2135,18,0,0
282,38,2786,41,0,0
225,58,935,54,1,0
1170,69,1248,118,1,1
216,41,2628,28,1,0
294,44,714,9,1,0
111,56,490,23,1,0
168,41,2580,31,0,0
159,50,1089,35,0,0
48,46,752,17,1,0
303,51,1803,36,0,0
105,50,414,7,1,0
372,50,375,11,0,0
150,36,793,4,1,0
132,52,425,8,2,0
807,54,3315,51,0,0
222,52,803,10,0,0
141,42,1064,6,1,0
171,36,1150,10,0,0
114,51,481,6,1,0
204,54,748,28,1,0
219,47,3131,41,1,0
249,55,1072,26,0,0
477,50,1901,19,1,0
258,41,1472,24,0,0
264,46,1161,22,1,0
417,61,1658,74,1,0
222,47,1363,33,1,0
195,52,1070,17,0,0
126,41,1631,10,0,0
321,37,1100,10,1,0
489,55,4196,134,1,0
276,44,1079,14,1,0
192,54,349,10,1,0
204,48,383,5,1,0
831,69,1075,63,1,1
156,45,1531,19,1,0
204,39,711,3,1,0
960,54,1843,36,1,0
267,39,1030,3,1,0
324,55,1467,20,1,0
465,43,987,15,0,0
267,43,1993,20,0,0
54,36,598,5,0,0
306,55,938,22,0,0
324,51,1031,18,1,0
150,55,475,10,1,0
378,54,2784,78,0,0
195,50,699,4,1,0
225,48,546,4,1,0
675,49,1375,17,1,0
480,66,785,63,1,1
225,47,2796,42,1,0
156,50,798,18,1,0
261,40,627,3,1,0
243,44,1564,15,0,0
282,41,3543,66,1,0
186,47,1029,22,0,0
1926,64,2567,199,1,1
228,52,823,32,0,0
186,50,508,9,1,0
597,67,875,70,1,1
216,47,874,5,1,0
255,67,514,31,0,0
114,44,537,3,1,0
849,40,2407,31,1,0
207,40,1526,23,1,0
159,46,438,5,0,0
0,37,130,1,3,0
150,37,3177,34,1,0
1776,60,2385,176,1,1
363,52,2819,68,0,0
183,60,766,34,1,0
180,46,400,8,1,0
132,51,561,7,1,0
150,45,657,4,1,0
258,41,1087,16,0,0
168,40,380,4,1,0
225,48,785,17,1,0
90,46,483,4,2,0
747,60,800,40,1,1
138,55,684,23,0,0
177,52,560,26,1,0
201,46,314,10,1,0
39,50,633,11,1,0
177,44,694,8,0,0
180,53,829,15,1,0
420,60,485,29,1,1
231,43,746,8,1,0
327,54,600,15,1,0
75,56,395,8,1,0
318,41,1695,17,0,0
129,46,577,9,0,0
177,54,661,15,1,0
144,42,454,4,0,0
162,54,1152,52,1,0
840,44,1949,23,1,0
39,36,320,3,0,0
180,36,2316,12,0,0
141,36,837,4,0,0
471,52,909,46,1,0
414,33,1211,1,3,0
96,52,982,43,1,0
249,55,1210,28,0,0
180,46,620,6,1,0
120,39,1133,8,1,0
342,37,3542,17,0,0
129,58,675,16,0,0
174,54,1260,62,1,0
171,43,1370,7,0,0
432,64,1196,79,1,0
255,53,2148,34,1,0
150,44,784,3,0,0
222,50,1066,27,0,0
150,46,568,5,1,0
327,58,659,38,1,1
72,39,510,5,1,0
207,54,820,40,0,0
300,50,494,9,1,0
195,46,612,4,1,0
276,57,531,37,0,0
225,66,666,57,1,0
336,32,1795,11,0,0
420,36,2417,15,1,0
1695,56,2350,125,2,1
216,45,1861,9,1,0
2340,55,2984,146,2,1
129,38,787,5,1,0
186,58,1469,100,1,0
207,47,1755,34,0,0
189,60,930,71,1,0
282,40,2292,41,0,0
207,47,1780,45,0,0
267,65,1310,76,1,0
171,48,377,9,0,0
132,48,646,9,1,0
228,54,728,17,1,0
168,43,594,1,0,0
231,46,1243,25,0,0
216,53,673,23,1,0
351,37,2393,16,0,0
2316,57,2457,135,2,1
252,47,1301,16,0,0
291,58,665,17,1,0
114,43,592,11,1,0
357,55,1283,46,1,0
336,71,569,47,1,1
111,47,1098,21,0,0
1215,54,5948,228,0,1
114,47,1032,10,0,0
135,44,292,2,0,0
279,42,2949,32,1,0
321,48,1859,69,1,0
186,44,1529,16,1,0
147,34,1351,10,0,0
204,42,2331,38,0,0
150,49,438,5,0,0
405,59,1154,49,0,0
366,41,1005,9,1,0
192,42,1547,31,1,0
474,52,7100,143,0,0
120,42,815,8,1,0
117,36,1014,5,1,0
117,49,591,18,1,0
87,52,391,2,1,0
120,48,439,17,1,0
363,59,688,26,1,0
84,46,714,10,1,0
165,50,508,18,0,0
366,39,885,3,1,0
204,46,1528,23,1,0
150,51,488,7,1,0
93,39,611,2,1,0
258,47,1146,36,1,0
249,47,1501,59,1,0
189,47,1681,21,1,0
789,55,1958,46,1,0
249,55,672,15,0,0
90,42,476,4,2,0
165,33,1094,10,1,0
51,33,406,5,0,0
396,47,497,5,1,0
399,52,1289,19,1,0
120,46,754,7,1,0
117,37,712,5,0,0
360,52,444,7,1,0
243,43,930,6,1,0
117,32,894,4,0,0
348,61,2095,99,0,0
330,48,689,25,1,0
150,40,791,1,1,0
186,42,1371,31,1,0
174,36,716,5,1,0
255,42,772,8,1,0
222,49,2445,47,1,0
123,51,1296,35,1,0
138,56,554,18,1,0
396,42,2219,13,0,0
225,53,543,29,1,0
1140,65,2429,139,1,1
1020,49,3141,82,0,1
276,48,1736,34,0,0
339,54,1254,38,0,0
177,60,630,22,1,0
216,38,466,4,0,0
87,74,543,60,1,0
201,39,1732,14,0,0
180,46,728,19,1,0
288,47,1203,26,1,0
108,65,255,16,3,0
1023,55,2070,51,1,0
75,47,657,12,1,0
840,67,923,51,1,1
228,49,1212,40,1,0
156,40,869,10,0,0
195,53,745,12,0,0
195,46,563,3,1,0
126,43,631,7,1,0
405,44,1804,15,1,0
477,52,1974,28,0,0
150,44,427,3,1,0
372,41,1161,13,1,0
171,38,2389,27,1,0
105,45,628,2,1,0
219,57,269,11,1,1
231,43,1665,12,1,0
417,61,1635,72,1,0
411,64,1830,81,1,0
69,36,393,1,0,0
81,68,430,44,1,0
231,45,845,10,0,0
297,47,2824,50,0,0
138,39,547,3,1,0
258,42,1024,11,1,0
114,46,767,7,1,0
267,41,1808,25,0,0
234,52,605,20,0,0
150,43,1536,19,1,0
276,56,2481,100,0,0
357,51,3242,55,0,0
369,47,896,19,1,0
264,39,766,2,1,0
909,68,1153,65,1,1
417,62,2035,116,1,0
195,40,2909,28,0,0
150,44,1631,53,0,0
219,51,606,7,0,0
177,51,1039,45,0,0
105,52,536,25,0,0
321,47,1901,6,2,0
180,41,1373,12,1,0
225,41,2467,37,0,0
1212,62,2114,99,1,1
342,50,1115,31,1,0
2028,65,3035,128,1,1
357,55,1382,44,1,0
225,40,1154,20,1,0
177,47,717,4,1,0
789,54,2000,40,1,0
135,33,715,3,0,0
2349,57,2490,139,2,1
342,51,914,34,1,0
144,47,861,20,0,0
186,44,892,2,0,0
309,64,829,33,1,0
120,59,584,30,1,0
15,40,188,0,1,0
135,44,758,4,1,0
264,45,2357,49,1,0
249,51,1672,30,1,0
273,47,1601,57,1,0
39,59,220,12,1,0
312,68,424,22,1,0
165,39,642,6,0,0
315,46,874,17,1,0
111,52,373,5,0,0
135,52,821,37,1,0
1020,48,3019,83,0,1
171,47,568,3,0,0
189,40,3414,28,0,0
276,48,1530,33,0,0
195,46,613,4,1,0
225,45,623,14,1,0
231,39,3673,36,0,0
369,43,2884,26,0,0
159,52,348,6,0,0
255,49,2471,44,1,0
117,44,1127,22,0,0
105,42,406,4,1,0
441,48,1901,30,1,0
66,35,280,1,0,0
1713,61,2004,107,1,1
75,36,649,4,0,0
162,50,683,4,1,0
48,50,738,29,1,0
102,46,432,1,0,0
903,62,988,44,0,0
147,42,299,3,1,0
51,39,802,14,0,0
219,38,1306,20,1,0
459,55,4994,212,0,0
183,53,1674,24,1,0
1020,49,3008,100,0,1
2457,68,2562,228,1,1
246,52,708,20,0,0
174,47,667,3,1,0
237,46,1278,32,1,0
4752,59,5247,248,1,1
246,34,3209,23,0,0
402,56,819,43,0,0
153,38,812,9,1,0
246,49,1245,47,1,0
450,59,1433,59,0,0
312,52,1028,14,1,0
246,56,538,17,0,0
189,43,610,9,1,0
141,43,791,3,0,0
105,41,452,1,1,0
138,42,1666,45,0,0
267,44,2236,38,0,0
78,57,447,16,1,0
147,36,1005,6,0,0
366,42,4256,37,1,0
63,61,747,43,0,0
147,46,601,10,1,0
318,42,1509,16,0,0
129,42,407,2,1,0
234,51,439,2,1,0
249,47,694,9,1,0
126,38,662,3,1,0
417,61,1878,86,1,0
525,49,1095,40,1,0
249,42,652,8,1,0
132,51,764,27,1,0
141,40,677,5,0,0
300,48,1690,36,0,0
426,45,1082,19,1,0
165,50,868,22,0,0
540,50,1836,31,1,0
282,56,610,18,1,0
276,48,1339,19,1,0
195,53,710,12,0,0
273,50,3097,98,1,0
147,57,712,37,1,0
177,42,573,6,0,0
87,42,574,6,0,0
111,47,584,4,1,0
2310,56,2419,125,3,1
81,52,1174,21,0,0
369,50,1029,25,1,0
207,45,616,5,1,0
1020,49,3484,105,0,1
168,48,827,7,1,0
1014,45,3139,69,2,0
114,54,336,9,2,0
1032,61,1056,58,1,1
195,41,526,6,0,0
117,42,688,13,0,0
81,44,961,35,1,0
87,47,1346,46,1,0
198,51,428,5,1,0
141,47,1082,29,0,0
171,39,2493,16,0,0
348,62,2400,124,1,0
66,29,575,2,1,0
1713,60,2263,109,1,1
87,43,677,7,1,0
351,47,4746,64,1,0
369,59,3043,82,1,0
234,31,1531,8,0,0
129,51,331,12,0,0
183,39,1976,11,0,0
108,42,1142,10,1,0
189,50,304,3,0,0
60,48,456,18,0,0
387,54,615,28,1,0
321,38,1223,6,1,0
150,54,684,19,1,0
327,39,2668,45,0,0
105,41,719,2,1,0
237,44,590,8,1,0
141,46,1360,28,1,0
270,39,703,3,2,0
147,44,970,5,1,0
177,48,675,14,1,0
66,40,629,1,1,0
207,36,243,3,0,0
282,42,2116,39,0,0
738,58,2156,114,0,1
126,43,489,5,1,0
324,53,481,28,1,0
315,48,668,7,1,0
270,47,432,2,2,0
108,42,517,3,1,0
132,40,746,4,0,0
135,53,373,7,1,0
237,56,3060,99,0,0
162,49,760,5,1,0
168,46,583,7,1,0
267,58,726,23,1,0
198,43,460,3,1,0
402,56,817,43,0,0
117,40,686,5,1,0
36,29,118,0,1,0
195,52,536,6,0,0
183,49,831,10,1,0
201,50,552,6,1,0
147,42,557,1,1,0
318,56,1228,23,1,0
807,54,2449,43,0,0
477,51,1771,29,0,0
141,53,610,14,0,0
1020,54,1789,87,1,1
162,32,1086,10,0,0
303,46,2502,21,1,0
156,49,441,8,0,0
270,48,1122,28,1,0
189,44,1483,9,1,0
1020,48,3265,100,0,1
363,47,1234,49,0,0
147,46,743,24,0,0
126,42,299,3,1,0
288,42,808,5,2,0
477,54,1170,17,0,0
279,46,1869,52,1,0
318,59,932,55,1,0
237,54,1288,79,1,0
309,38,1336,17,0,0
96,45,279,2,0,0
63,50,426,5,1,0
348,60,1577,56,1,0
45,48,469,5,0,0
276,45,1016,13,0,0
225,45,8803,168,1,0
135,42,1126,9,1,0
213,37,1903,10,0,0
87,40,871,8,1,0
195,41,1514,15,0,0
627,65,935,39,0,1
171,58,902,34,1,0
1446,46,3827,52,1,0
312,51,686,34,0,0
672,59,2455,151,0,1
180,47,2292,20,0,0
132,48,1128,31,0,0
153,62,715,47,0,0
219,44,497,3,0,0
165,46,1660,30,1,0
261,54,658,16,0,0
270,56,830,50,1,0
195,45,566,4,1,0
390,48,1301,29,0,0
219,39,1119,19,1,0
174,44,712,8,1,0
189,48,886,9,0,0
372,47,5486,152,1,0
174,42,933,17,1,0
150,46,2190,52,1,0
213,49,723,12,1,0
411,53,1278,25,0,0
105,36,459,3,1,0
180,44,914,9,1,0
195,53,865,13,0,0
597,52,860,18,1,0
219,40,1378,6,0,0
351,43,5603,41,0,0
252,50,1104,43,1,0
240,45,769,9,0,0
315,56,762,57,1,0
195,43,924,6,1,0
270,43,856,31,0,0
303,51,1509,27,0,0
330,51,1514,54,1,0
189,55,446,13,0,0
24,39,587,10,0,0
147,47,706,11,0,0
282,55,676,20,1,0
300,60,1544,71,1,1
267,40,2837,25,0,0
1857,69,1860,131,1,1
255,46,1517,13,0,0
2067,50,3995,138,1,0
321,38,2460,18,0,0
159,39,670,4,1,0
84,45,670,23,0,0
1020,48,3214,90,0,1
2277,64,2280,158,1,1
138,51,406,13,0,0
93,34,1136,11,0,0
324,54,642,32,1,0
66,48,770,16,0,0
312,43,612,11,1,0
345,46,1152,14,2,0
471,66,664,51,1,0
1728,65,2194,117,1,1
210,42,934,14,1,0
405,59,1485,60,0,0
357,47,2781,54,0,0
180,45,760,7,1,0
258,43,2029,22,1,0
159,52,1351,29,1,0
276,43,2012,11,1,0
201,39,1613,13,1,0
93,39,621,2,1,0
345,54,1332,32,1,0
231,49,2933,87,1,0
162,51,940,14,1,0
255,38,902,13,1,0
408,56,966,48,1,1
252,54,939,33,0,0
180,53,812,23,1,0
48,38,620,6,1,0
57,49,273,2,1,0
249,52,769,21,1,0
282,49,1239,24,0,0
249,55,1096,26,0,0
177,45,2871,49,1,0
477,49,2134,22,1,0
216,56,853,45,1,0
246,58,1673,52,1,0
243,39,3662,62,0,0
843,46,1131,14,1,0
144,53,1227,52,0,0
84,29,565,0,0,0
138,41,466,8,1,0
255,46,539,3,0,0
90,57,623,34,1,0
243,39,3695,58,0,0
417,60,1361,63,1,0
483,65,987,39,1,0
111,37,469,0,1,0
123,38,2597,14,1,0
189,43,444,5,1,0
153,55,988,26,1,0
129,50,946,14,0,0
729,55,3402,75,0,0
135,53,532,9,1,0
255,60,932,37,1,0
240,56,1710,61,0,0
189,42,858,1,1,0
195,49,715,16,1,0
174,48,3496,43,1,0
135,43,1291,4,1,0
135,40,789,4,1,0
1089,52,5079,209,1,0
444,62,1379,94,1,0
168,42,2680,33,0,0
201,49,449,6,1,0
399,59,1224,56,1,0
186,49,686,10,0,0
330,55,1315,45,1,0
99,44,382,7,1,0
165,48,754,13,1,0
150,47,748,14,1,0
366,35,4608,22,0,0
477,50,2254,35,0,0
165,40,833,7,1,0
105,47,630,2,1,0
57,45,311,7,1,0
273,41,2296,21,1,0
231,45,1005,8,0,0
360,56,1730,33,1,0
153,60,756,51,1,0
192,36,357,4,1,0
168,47,800,5,1,0
165,48,661,17,0,0
96,59,184,3,1,0
237,50,489,13,0,0
450,59,1314,57,0,0
327,58,798,28,1,0
204,48,887,11,0,0
528,54,1288,56,0,0
156,45,2150,46,0,0
216,46,573,20,2,0
225,50,1101,10,1,0
363,52,1185,41,1,0
252,54,3461,78,1,0
87,66,268,15,1,0
174,48,1743,24,1,0
78,33,359,3,0,0
789,54,1928,35,1,0
348,51,1395,44,1,0
258,51,1378,46,1,0
690,54,1755,30,1,0
108,46,686,13,0,0
165,39,1096,6,1,0
258,63,887,68,1,0
135,51,800,27,1,0
216,43,1855,36,0,0
192,43,541,6,1,0
270,49,636,13,1,0
87,38,355,2,1,0
276,67,709,55,1,0
138,51,850,9,1,0
195,49,571,3,0,0
141,60,523,24,1,0
195,46,518,3,1,0
318,47,1288,27,0,0
312,45,2405,25,1,0
90,39,442,1,1,0
789,54,2002,37,1,0
129,40,790,4,1,0
153,39,301,1,1,0
2562,68,3034,266,1,1
156,47,462,3,0,0
294,44,386,3,0,0
66,53,593,4,1,0
180,45,906,19,0,0
417,61,1829,86,1,0
663,67,2154,135,1,1
267,61,748,42,0,0
567,63,1413,95,1,1
72,40,349,4,0,0
237,61,814,54,0,1
165,45,2366,38,1,0
342,46,756,7,1,0
147,51,1954,64,1,0
303,51,2077,40,0,0
1914,65,3475,165,1,1
411,51,514,15,1,0
432,55,5586,118,0,0
216,48,1406,35,1,0
483,57,3126,121,1,0
123,39,410,1,1,0
477,50,2027,33,1,0
165,40,535,6,1,0
96,40,555,2,1,0
174,54,491,27,1,0
315,43,1405,9,1,0
141,33,2336,9,0,0
171,44,1576,13,1,0
477,48,1679,12,0,0
168,49,2065,48,0,0
570,47,2669,22,0,0
195,53,952,17,0,0
240,45,631,4,1,0
219,48,723,9,1,0
153,34,755,5,1,0
432,54,6473,159,0,0
258,49,1040,14,1,0
168,47,805,6,1,0
225,48,639,11,0,0
177,51,448,10,1,0
318,60,1175,55,2,0
42,42,655,7,1,0
324,54,989,49,0,0
195,43,1256,26,1,0
273,49,1120,49,0,0
804,44,3498,46,1,0
132,38,442,3,1,0
90,53,416,13,1,0
342,52,494,9,0,0
171,41,2208,24,0,0
4917,59,5355,250,1,1
219,43,2708,35,0,0
183,49,624,30,0,0
72,44,432,1,1,0
132,32,1075,2,1,0
1158,70,1309,126,1,1
258,40,802,5,1,0
372,63,911,47,1,0
231,42,2002,18,1,0
144,37,2565,39,0,0
159,45,1159,20,0,0
2757,68,3012,260,1,1
477,49,2104,16,1,0
225,41,1513,22,0,0
327,58,494,14,0,0
147,31,396,1,0,0
147,31,1254,6,0,0
144,44,547,3,0,0
207,48,506,4,0,0
258,57,556,23,0,0
195,43,731,4,1,0
159,49,852,6,1,0
0,62,351,24,1,0
117,54,588,18,0,1
123,42,287,4,2,0
66,51,419,6,0,0
1944,62,4098,224,1,1
219,46,566,4,1,0
144,40,960,5,1,0
804,64,1055,84,1,0
291,58,491,6,2,0
231,46,2083,42,0,0
225,50,714,10,1,0
135,54,723,35,0,0
174,49,898,18,0,0
282,53,872,20,1,0
195,52,934,15,0,0
282,49,1018,13,1,0
372,53,2424,52,1,0
441,49,1220,23,1,0
60,56,394,8,1,0
285,50,1828,30,1,0
393,41,3774,31,0,0
249,56,925,23,0,0
198,51,619,9,0,0
207,46,555,6,1,0
282,63,455,14,1,0
225,52,1194,43,1,0
165,44,1342,13,1,0
357,44,4817,83,0,0
141,47,1651,29,1,0
69,46,1536,54,0,0
285,53,770,24,0,0
495,64,637,37,1,1
183,61,716,44,1,1
189,52,480,16,1,0
297,46,1093,17,0,0
114,58,679,22,1,0
171,43,923,12,0,0
282,48,1019,12,0,0
102,41,881,5,0,0
138,50,811,12,1,0
150,37,538,8,0,0
138,47,386,3,1,0
261,37,1290,10,1,0
1914,66,2731,148,1,1
180,43,863,16,0,0
183,62,584,49,1,0
333,51,445,13,1,0
168,41,2580,32,0,0
147,52,911,27,0,0
237,40,881,6,1,0
108,48,646,9,1,0
135,48,680,13,1,0
348,59,1043,37,1,0
93,55,767,35,0,0
273,51,1756,25,1,0
672,48,1421,17,1,0
249,43,1363,5,0,0
318,54,2922,49,0,0
198,42,1179,23,1,0
210,57,563,32,1,1
351,65,574,23,2,0
477,52,2305,51,1,0
279,53,1548,29,0,0
129,53,255,1,1,0
243,46,1186,13,0,0
960,55,1801,43,1,0
153,58,757,47,1,0
69,61,466,33,0,0
1221,56,2333,118,3,1
177,44,1424,14,1,0
123,37,430,9,0,0
240,44,501,4,1,0
339,44,3607,32,0,0
174,53,1114,41,1,0
276,48,1498,31,1,0
141,42,1046,6,1,0
117,41,970,3,0,0
159,46,1144,24,0,0
246,52,549,7,0,0
603,49,1345,17,1,0
417,61,2017,105,1,0
981,48,2902,90,0,1
234,51,1295,28,1,0
312,48,743,7,0,0
405,57,2917,55,1,0
234,40,1414,17,1,0
225,53,1508,60,1,0
123,40,710,7,1,0
150,41,1210,5,0,0
369,48,1120,19,0,0
126,31,338,2,1,0
60,48,835,6,1,0
270,40,14107,140,0,0
201,52,683,8,0,0
147,46,507,10,0,0
396,44,1343,11,0,0
318,45,1763,31,0,0
75,58,1548,100,1,0
261,60,1632,48,1,1
186,42,1389,20,1,0
168,38,2857,7,0,0
168,38,2502,33,0,0
378,46,1794,13,0,0
177,36,1113,6,0,0
270,45,740,4,1,0
141,50,1660,70,0,0
246,47,1404,30,0,0
120,44,362,10,2,0
105,44,735,10,1,0
360,53,2040,40,1,0
405,59,1409,58,0,0
225,73,975,101,1,0
210,52,471,11,1,0
243,34,5864,32,1,0
213,39,3539,10,0,0
48,38,506,2,0,0
120,48,583,5,1,0
432,64,1297,54,2,0
147,43,795,2,1,0
84,48,478,14,1,0
714,60,849,39,1,1
180,40,546,1,1,0
282,40,1459,6,1,0
264,52,1595,45,1,0
228,49,1535,30,1,0
96,38,512,4,1,0
168,47,544,13,1,0
165,41,2034,17,1,0
294,52,2044,71,0,0
93,45,496,2,0,0
282,40,2234,36,0,0
396,33,5985,31,0,0
252,53,1432,25,0,0
168,59,826,31,1,0
1020,47,2841,74,0,1
147,54,836,23,1,0
162,51,1766,99,0,0
138,53,966,15,0,0
135,42,526,4,1,0
84,71,234,26,0,0
126,59,472,30,1,0
87,31,457,6,0,0
159,42,885,5,1,0
255,43,2804,35,0,0
144,44,620,5,1,0
141,43,498,11,1,0
1128,62,1578,101,1,1
108,42,411,2,1,0
234,48,1148,15,0,0
258,39,3443,39,0,0
174,59,836,58,1,0
141,42,677,9,0,0
123,38,436,1,1,0
180,52,575,10,0,0
177,38,1368,12,1,0
372,42,1288,16,1,0
129,58,607,34,0,0
159,47,713,3,1,0
513,67,903,81,1,1
195,44,418,3,0,0
102,44,735,7,1,0
231,46,982,25,0,0
129,38,485,3,1,0
318,49,1362,37,0,0
195,58,707,29,1,0
153,43,1430,12,0,0
468,49,1356,43,0,0
207,45,1300,4,1,0
351,52,762,11,1,0
441,61,4152,134,1,0
102,63,593,51,0,0
153,38,821,7,1,0
123,47,518,17,2,0
249,53,1112,18,1,0
186,48,625,13,2,0
258,42,2143,23,1,0
789,54,1394,29,1,0
201,46,3099,50,1,0
81,42,1747,32,0,0
363,55,693,20,1,0
513,61,886,56,1,1
591,58,1632,62,0,0
363,48,2045,53,1,0
150,50,700,9,0,0
240,56,1423,68,1,0
171,42,1137,8,1,0
198,50,456,5,1,0
105,41,684,7,2,0
168,49,599,20,1,0
522,61,1976,57,1,1
297,52,468,21,1,0
243,60,326,11,1,0
219,39,1262,8,0,0
159,40,629,2,0,0
168,46,426,5,1,0
144,50,1264,32,1,0
75,34,683,6,1,0
213,53,777,14,1,0
192,50,726,23,1,0
168,41,2362,32,0,0
210,58,449,14,1,0
276,57,817,42,0,0
159,39,607,8,1,0
204,53,460,22,1,0
174,58,546,32,1,0
168,48,388,3,1,0
189,47,830,12,1,0
189,43,456,2,1,0
375,51,669,8,1,0
153,38,997,5,1,0
153,49,869,14,0,0
225,50,848,15,1,0
60,47,439,2,1,0
237,52,2560,48,1,0
111,47,555,4,1,0
186,46,524,12,1,0
141,47,389,8,0,0
207,48,1426,9,1,0
318,42,1698,16,0,0
414,43,1309,16,0,0
282,42,2467,49,0,0
396,58,1056,60,1,0
183,37,1416,13,1,0
318,45,2329,61,0,0
279,47,1229,34,0,0
87,42,716,7,1,0
354,57,1629,55,1,0
123,46,1110,23,0,0
174,46,826,12,1,0
240,49,2240,36,1,0
492,41,3612,87,1,0
234,50,358,4,0,0
126,57,303,26,1,0
345,47,5777,73,0,0
99,43,597,2,0,0
195,41,1104,7,1,0
258,52,571,11,1,0
228,52,2523,48,1,0
219,52,1149,42,0,0
99,43,645,4,1,0
2370,66,2495,124,1,1
150,48,693,4,1,0
738,53,2292,92,1,0
168,62,580,29,1,0
237,43,1454,14,1,0
417,61,1676,81,1,0
57,52,522,20,1,0
168,39,805,7,1,0
360,62,1018,42,0,0
63,59,670,51,1,0
426,44,1589,13,1,0
159,55,1876,53,1,0
195,46,1438,20,1,0
204,52,2125,37,1,0
309,53,2694,70,0,0
204,36,3554,20,0,0
459,54,4176,142,0,1
579,40,6440,104,0,0
21,42,152,1,2,0
318,37,812,4,1,0
234,51,494,11,1,0
147,53,464,7,1,0
156,36,573,7,1,0
144,58,913,29,1,0
123,50,508,14,1,0
138,45,1471,40,0,0
195,46,736,6,0,0
480,45,2232,37,1,0
342,39,1034,2,1,0
276,51,1446,32,1,0
165,44,1357,14,1,0
543,57,670,23,2,1
159,46,1155,9,1,0
3027,68,3236,291,1,1
126,48,881,6,0,0
213,33,1166,8,1,0
150,42,817,4,1,0
258,49,1000,36,2,0
150,45,1325,17,1,0
90,50,544,9,1,0
225,39,1177,21,1,0
60,50,338,14,0,0
2997,68,3206,290,1,1
75,38,1072,6,1,0
387,50,2682,46,0,0
192,56,2662,50,1,0
231,42,2344,19,0,0
198,52,689,21,1,0
120,47,718,4,0,0
1227,58,2294,144,1,1
123,37,532,4,0,0
195,45,692,4,1,0
435,49,3402,55,1,0
138,38,658,3,1,0
225,49,1453,23,1,0
135,54,758,11,1,0
150,43,1016,8,0,0
30,37,346,2,1,0
240,62,986,84,1,0
159,45,1107,20,0,0
318,46,2070,54,1,0
249,34,1888,13,0,0
189,39,967,5,1,0
249,42,786,9,0,0
276,52,2993,49,1,0
201,47,1871,56,1,0
219,43,719,5,0,0
417,62,1637,88,1,0
78,35,460,3,0,0
300,53,542,6,1,0
180,47,1444,30,1,0
1338,55,3098,141,0,1
177,44,2062,26,0,0
135,47,704,5,1,0
183,44,660,11,1,0
240,42,566,8,1,0
237,49,1022,34,0,0
960,55,1741,36,1,0
351,63,893,55,2,0
159,50,592,27,1,0
51,43,388,3,1,0
84,54,678,24,1,0
477,53,1366,24,0,0
75,44,522,10,1,0
213,46,562,9,0,0
960,54,2036,40,1,0
75,30,445,2,1,0
132,52,700,18,1,0
81,57,265,3,1,0
417,61,1436,72,1,0
156,41,1110,16,0,0
117,45,1334,23,1,0
417,60,1218,48,1,0
288,40,3229,31,1,0
318,38,1732,26,1,0
159,37,1112,15,1,0
282,48,845,11,0,0
93,41,853,6,1,0
189,47,596,8,1,0
75,54,435,14,0,0
276,53,1286,37,1,0
156,45,773,29,1,0
282,56,791,25,1,0
93,37,786,5,1,0
228,52,2876,51,1,0
321,36,744,8,1,0
84,34,366,2,0,0
219,49,461,8,0,0
1194,55,1899,37,1,0
180,50,830,29,1,0
45,44,574,15,1,0
267,49,758,21,1,0
225,48,1190,12,1,0
141,45,558,8,1,0
135,54,563,9,0,0
78,54,595,24,1,0
306,57,845,20,1,0
93,47,780,19,1,0
858,61,3532,163,1,0
366,40,733,3,1,0
321,38,1259,8,1,0
444,62,2226,118,1,0
195,46,469,2,2,0
351,47,1020,31,0,0
117,35,403,0,1,0
195,46,519,4,0,0
141,44,1196,10,1,0
180,51,713,8,1,0
150,48,531,3,1,0
117,37,1423,13,0,0
288,42,1137,7,0,0
159,45,1203,22,1,0
267,40,2056,26,0,0
204,46,1140,11,0,0
222,52,1178,39,1,0
198,49,510,5,1,0
228,51,870,32,0,0
240,40,893,4,0,0
210,48,1662,38,1,0
132,41,1205,16,1,0
117,40,355,1,0,0
78,36,303,3,1,0
195,46,483,2,1,0
426,46,1447,12,1,0
135,49,1856,75,0,0
285,42,413,4,0,0
237,41,900,12,1,0
75,39,1253,26,0,0
177,50,314,2,0,0
147,41,904,8,2,0
477,54,1417,26,0,0
267,54,1530,53,1,0
390,66,2099,128,1,1
72,49,361,7,1,0
2259,69,2890,273,1,1
177,53,622,35,1,0
87,47,536,20,1,0
306,50,952,17,1,0
129,39,722,9,0,0
360,52,1302,18,1,0
2907,69,3311,302,1,1
180,42,1308,9,1,0
255,52,1807,39,0,0
417,65,494,23,0,0
195,47,946,19,1,0
228,44,531,4,0,0
78,49,981,18,0,0
189,44,953,9,0,0
39,49,300,10,0,0
327,45,1044,18,0,0
231,45,951,20,1,0
120,50,917,14,1,0
774,55,1565,29,0,0
243,40,1658,16,0,0
252,54,887,30,0,0
276,48,726,21,1,0
627,60,750,37,1,1
1152,43,2676,38,0,0
288,46,3391,74,1,0
105,52,1126,13,1,0
276,68,535,58,1,0
174,56,678,42,1,0
75,40,825,12,1,0
129,46,1277,10,1,0
351,41,1555,13,0,0
177,43,2376,24,1,0
387,56,849,35,1,0
75,35,321,2,1,0
168,50,413,11,2,0
150,44,583,6,1,0
246,51,964,33,1,0
195,42,995,4,1,0
264,40,750,3,1,0
192,53,1370,54,1,0
72,48,692,28,1,0
225,49,1897,61,1,0
564,65,906,52,0,0
0,51,131,10,0,0
129,45,690,16,1,0
81,38,453,2,0,0
333,44,1098,18,0,0
27,44,604,14,1,0
282,50,1268,16,0,0
288,44,1550,30,0,0
477,49,1982,20,1,0
1626,65,2114,143,1,1
186,48,450,4,0,0
264,58,1759,59,1,0
108,38,1536,8,0,0
186,48,402,10,0,0
453,46,700,25,3,1
261,55,1156,41,0,0
222,56,948,47,1,0
267,49,647,16,0,0
117,33,418,1,0,0
1491,63,1645,99,1,1
231,42,1448,16,1,0
96,39,338,3,3,0
216,56,475,24,1,1
78,52,256,2,0,0
219,42,796,8,0,0
129,39,1289,11,0,0
18,58,487,33,1,0
165,42,734,7,1,0
129,63,750,53,1,1
246,45,1095,18,0,0
231,57,705,30,0,0
594,66,1832,117,1,1
312,36,884,2,1,0
78,28,512,2,1,0
219,39,1639,40,0,0
357,54,1155,38,1,0
222,53,643,12,1,0
141,31,1997,7,1,0
168,44,497,5,1,0
129,56,566,23,1,0
342,38,3363,17,0,0
216,51,1030,27,1,0
183,40,1603,23,0,0
789,54,1949,36,1,0
249,52,840,40,1,0
165,42,814,6,1,0
264,50,785,16,1,0
381,62,1079,30,1,0
54,35,596,4,0,0
177,39,1204,12,1,0
264,48,1025,12,1,0
276,45,448,8,1,0
144,55,383,8,0,0
225,41,948,16,0,0
321,56,913,22,0,0
135,41,472,5,0,0
123,42,681,5,1,0
81,65,537,27,1,0
129,38,480,2,1,0
117,54,1261,60,1,0
39,57,378,21,0,0
123,54,1260,59,1,0
153,42,533,6,1,0
198,43,622,5,1,0
171,38,1172,10,1,0
108,42,1487,12,0,0
300,46,456,8,0,0
303,53,1347,23,0,0
249,41,720,6,0,0
72,59,642,15,1,0
222,43,778,7,0,0
60,41,184,2,1,0
360,56,1107,69,1,1
276,49,1279,18,0,0
120,43,494,11,1,0
87,50,294,4,1,0
1800,60,2114,102,1,1
258,51,1214,40,1,0
219,38,2229,2,0,0
150,45,768,7,0,0
675,48,1309,16,1,0
804,64,1055,85,1,0
213,54,544,10,1,0
228,50,716,24,1,0
216,58,778,45,1,0
216,47,500,3,0,0
120,49,568,4,1,0
54,39,733,11,1,0
339,39,1541,5,1,0
72,54,462,10,1,0
345,42,2743,57,0,0
324,53,1262,30,1,0
87,43,673,11,1,0
186,40,2544,16,0,0
30,41,386,8,0,0
225,39,1176,18,1,0
315,49,686,17,0,0
117,40,613,3,1,0
321,42,546,0,1,0
669,67,842,61,1,1
225,50,949,9,1,0
201,44,629,3,0,0
126,52,1067,12,1,0
135,38,575,21,1,0
201,43,1411,35,0,0
150,51,957,15,1,0
117,49,778,16,0,0
159,45,1764,14,0,0
306,37,1980,16,0,0
261,56,1157,45,0,0
333,55,1750,62,1,0
264,59,812,19,1,0
111,43,479,8,1,0
267,63,836,54,0,0
189,44,1990,24,1,0
150,43,630,4,1,0
258,42,1382,26,0,0
114,49,845,25,0,0
264,52,894,26,1,0
171,50,831,8,1,0
186,45,1896,43,1,0
336,43,1039,13,0,0
189,41,633,2,1,0
2349,57,2458,128,3,1
144,50,844,38,1,0
174,49,784,14,1,0
429,44,1126,15,1,0
183,56,696,42,1,0
228,64,799,69,1,0
105,44,439,8,1,0
105,41,577,10,0,0
243,44,1464,9,0,0
195,43,763,4,1,0
312,55,2443,60,0,0
192,40,744,4,0,0
159,31,615,6,1,0
186,54,1006,40,1,0
477,50,2105,30,1,0
144,53,543,11,0,0
225,43,1068,20,0,0
204,36,3732,20,0,0
141,60,706,39,1,0
399,50,4211,98,0,0
195,53,795,13,0,0
111,46,672,5,1,0
159,49,748,8,0,0
105,43,842,5,1,0
282,42,2342,29,0,0
507,65,727,35,1,1
174,42,1213,16,0,0
498,73,556,57,0,1
207,49,1122,8,0,0
417,60,1536,60,1,0
294,56,571,21,1,0
585,45,847,11,1,0
135,48,473,2,1,0
180,50,2000,70,1,0
195,47,1987,14,0,0
126,51,449,7,1,0
162,40,1023,3,0,0
195,49,528,1,1,0
276,55,480,9,0,0
246,50,1388,34,0,0
153,49,471,2,1,0
99,42,648,2,0,0
306,43,3181,40,0,0
45,64,199,7,1,0
366,47,1646,52,0,0
192,45,809,4,2,0
273,37,5227,32,0,0
459,67,799,66,1,1
183,41,797,15,1,0
192,50,508,12,1,0
243,41,1526,14,0,0
201,56,831,41,1,0
81,52,701,32,0,0
267,47,3591,38,1,0
279,57,599,20,2,0
213,46,1551,34,1,0
180,45,1821,39,0,0
63,37,390,4,2,0
108,43,592,24,0,0
417,61,1620,76,1,0
363,62,2029,85,1,0
315,55,763,39,1,1
123,52,632,9,1,0
342,67,592,45,1,1
342,55,1264,52,1,0
384,50,1891,21,1,0
303,42,1999,41,0,0
906,69,1036,85,1,1
249,52,4774,61,1,0
234,59,461,13,0,0
576,56,4800,126,0,0
219,38,2593,15,1,0
1086,63,1933,148,1,1
321,38,1415,6,1,0
243,41,1765,16,0,0
183,41,724,11,0,0
762,66,3214,181,1,1
213,47,412,7,0,0
198,44,687,3,0,0
366,50,667,10,1,0
189,63,636,20,1,0
96,50,839,37,1,0
207,45,1521,9,1,0
141,51,371,8,0,0
90,40,1145,7,0,0
144,53,566,35,1,0
108,60,839,53,0,0
153,48,519,6,0,0
204,45,1335,9,1,0
294,44,2947,28,0,0
90,47,159,2,1,0
222,60,320,11,0,0
165,47,456,7,2,0
141,43,1023,7,0,0
213,48,255,6,1,0
120,42,603,14,1,0
252,51,1035,29,0,0
72,28,209,4,0,0
348,54,759,13,0,0
138,41,488,8,1,0
189,48,1949,70,1,0
147,49,894,17,1,0
153,38,888,7,1,0
147,54,828,31,1,0
135,40,1354,10,1,0
183,48,727,12,1,0
198,50,518,7,1,0
276,49,1638,42,0,0
420,52,1029,22,0,0
84,50,423,16,1,0
192,46,2128,45,1,0
312,40,1363,15,1,0
123,53,1201,51,1,0
60,56,407,7,0,0
357,49,1058,43,0,0
405,57,1275,16,1,0
237,46,1828,42,1,0
1983,69,1986,137,1,1
252,43,1996,17,1,0
156,56,480,32,1,0
210,41,1299,18,1,0
138,38,914,8,1,0
90,51,820,15,1,0
189,46,956,4,1,0
2112,66,2679,145,1,1
276,52,1301,34,0,0
198,41,1602,18,1,0
48,45,471,7,1,0
387,64,698,30,0,1
129,44,554,8,1,0
312,45,1042,11,0,0
108,49,614,14,1,0
129,36,995,9,0,0
279,41,3125,55,1,0
555,39,3040,25,2,0
207,52,1418,54,0,0
270,54,2571,127,1,0
192,42,745,4,1,0
387,58,1914,60,1,0
48,52,708,11,1,0
129,45,431,4,0,0
177,44,1462,9,1,0
249,34,1759,13,0,0
204,43,457,5,0,0
33,44,301,3,1,0
282,47,1129,31,1,0
30,51,321,8,0,0
273,36,2674,17,1,0
0,54,419,29,1,0
102,56,1193,67,1,0
219,50,1343,37,1,0
306,54,4122,92,0,0
201,37,1353,6,1,0
249,55,749,16,0,0
471,63,787,50,2,1
147,52,987,30,1,0
330,57,984,36,0,0
276,47,1308,24,0,0
150,50,1109,18,1,0
153,41,718,3,0,0
87,42,487,8,1,0
234,55,618,6,0,0
3,64,280,26,0,0
330,55,1212,41,1,0
111,49,333,4,1,0
168,47,856,6,1,0
195,37,3087,29,0,0
531,47,890,12,1,0
276,47,1051,15,0,0
240,54,1129,40,1,0
1020,47,2875,76,0,1
216,49,585,11,1,0
210,66,575,20,1,1
123,49,1312,46,0,0
111,40,440,4,0,0
777,54,1585,31,0,0
342,43,1009,13,1,0
210,51,904,6,0,0
228,38,1531,13,0,0
210,48,1076,27,1,0
177,43,424,1,1,0
150,51,2136,56,0,0
282,43,2487,62,0,0
318,40,1003,7,0,0
168,51,343,1,1,0
300,43,1416,7,1,0
273,43,2157,16,1,0
219,49,695,31,0,0
2085,67,3305,271,1,1
129,38,702,7,0,0
231,31,2203,15,0,0
525,70,889,89,1,1
357,53,950,30,1,0
135,41,1068,5,1,0
297,47,1993,27,1,0
564,43,1651,20,1,0
114,54,336,9,2,0
222,48,810,16,1,0
5820,67,7408,540,1,1
219,57,614,36,1,1
357,54,1283,41,1,0
183,49,1015,28,0,0
255,36,491,3,2,0
135,48,476,3,1,0
267,43,916,3,1,0
276,55,1562,33,0,0
1833,64,3176,145,1,1
99,39,545,15,2,0
138,42,571,4,1,0
273,44,1553,25,0,0
303,49,1605,28,0,0
339,48,683,14,1,0
393,45,2834,61,0,0
87,38,814,4,0,0
147,47,1391,27,1,0
384,51,1615,56,1,0
72,39,941,4,1,0
393,54,1145,30,1,0
180,39,692,10,0,0
216,48,377,16,0,0
39,57,507,32,1,0
195,51,746,9,0,0
150,51,1014,21,1,0
96,45,627,20,1,0
207,50,1334,42,0,0
384,51,427,8,0,0
582,47,2737,82,0,1
195,49,446,2,1,0
339,39,1178,4,1,0
111,32,1047,3,1,0
237,54,1037,18,0,0
276,44,1098,8,0,0
312,55,444,3,1,0
474,47,1548,21,1,0
276,41,1320,10,0,0
276,45,1814,24,0,0
159,45,727,6,1,0
222,50,745,17,1,0
153,38,1094,11,1,0
207,45,1165,3,1,0
201,50,2101,55,1,0
165,39,1436,13,1,0
1281,61,1618,82,1,1
273,43,1090,11,1,0
222,45,604,5,1,0
225,46,1179,36,0,0
330,56,1266,60,1,0
981,48,2340,86,0,1
357,55,1220,43,1,0
153,40,1059,9,1,0
366,59,2241,45,0,0
243,44,1030,5,1,0
369,45,741,5,0,0
84,38,974,8,0,0
75,46,487,4,1,0
0,47,157,2,0,0
114,45,941,5,1,0
291,55,1129,18,1,0
183,56,1237,76,0,0
237,42,695,5,0,0
192,46,314,11,0,0
105,45,484,4,0,0
363,52,817,31,0,0
225,39,3145,21,0,0
201,47,2539,45,0,0
255,53,1187,20,0,0
240,59,794,35,1,0
195,53,725,12,1,0
1077,54,1873,42,1,0
165,45,966,28,1,0
168,55,935,35,0,0
105,50,570,26,0,0
129,43,1782,34,1,0
321,39,1748,5,1,0
111,40,359,6,0,0
207,46,1050,10,1,0
177,54,637,38,1,0
150,49,830,9,1,0
306,46,3368,65,0,0
276,38,698,3,1,0
195,52,1395,29,1,0
276,44,1192,16,0,0
171,43,380,3,1,0
231,42,997,11,1,0
372,35,850,9,1,0
195,46,583,4,1,0
195,66,468,43,0,1
90,61,689,39,1,0
834,60,1524,86,1,1
159,51,986,28,1,0
753,55,1768,32,1,0
354,68,740,63,1,1
537,61,2473,201,1,0
297,42,1214,7,0,0
318,43,774,6,0,0
213,35,1247,14,0,0
318,41,1886,17,0,0
324,50,2737,47,0,0
135,53,1450,51,0,0
42,57,624,13,0,0
264,56,681,20,1,0
291,50,2831,60,1,0
255,50,1192,25,1,0
126,56,752,14,1,0
165,46,752,10,1,0
123,38,477,1,1,0
189,37,2402,15,1,0
165,47,1143,22,0,0
201,38,1124,7,0,0
144,66,437,25,0,0
201,44,514,0,1,0
21,38,339,6,0,0
141,52,480,9,1,0
141,38,1731,11,1,0
306,51,1007,15,1,0
129,37,693,4,0,0
39,50,798,33,1,0
81,38,531,3,1,0
78,39,754,9,1,0
114,36,472,7,0,0
264,37,531,0,0,0
162,48,384,3,1,0
324,44,1362,22,1,0
108,46,1516,28,0,0
258,41,1266,20,0,0
108,51,652,10,1,0
72,63,410,31,1,0
225,50,906,10,1,0
90,40,174,1,0,0
51,47,470,20,1,0
174,50,1258,34,1,0
126,46,1097,36,0,0
126,49,461,3,1,0
141,35,944,5,1,0
246,59,1843,67,1,0
261,42,759,7,1,0
225,58,712,32,0,0
150,40,658,9,0,0
186,48,289,4,1,0
195,45,619,4,1,0
306,59,1154,38,1,0
402,43,1993,15,1,0
489,44,3312,78,0,0
447,51,700,32,1,1
477,49,2158,22,1,0
231,45,1541,32,1,0
84,44,607,12,1,0
216,39,451,1,0,0
435,58,2520,142,1,0
204,36,5444,28,0,0
279,49,5847,120,0,0
216,36,2700,21,0,0
261,46,4109,46,1,0
264,50,1060,23,1,0
894,58,1598,103,1,1
297,42,1170,9,1,0
393,53,1048,23,1,0
147,45,603,11,1,0
417,60,1614,70,1,0
279,55,2224,50,1,0
162,48,378,3,0,0
234,39,737,1,1,0
333,58,2175,92,1,0
279,38,659,3,1,0
141,39,1833,12,1,0
270,47,1050,19,0,0
48,27,533,2,0,0
114,57,526,29,0,0
306,60,1180,48,1,0
276,47,857,25,1,0
36,40,364,1,1,0
195,45,633,4,1,0
102,37,220,0,0,0
300,47,448,7,1,0
147,50,768,29,0,0
243,37,4523,59,0,0
87,45,560,6,1,0
288,50,525,17,0,0
291,45,2755,13,1,0
111,48,796,8,1,0
135,47,871,9,1,0
150,43,518,3,1,0
72,43,371,2,0,0
198,48,1367,15,1,0
51,44,287,7,1,0
336,65,796,52,1,1
1560,55,3112,146,1,1
582,57,1284,92,1,1
72,42,414,4,2,0
354,52,1085,36,1,0
108,49,653,20,0,0
102,44,655,9,1,0
399,54,1953,37,1,0
1680,64,2268,114,1,1
498,51,4443,91,0,0
114,39,1051,11,1,0
318,52,756,10,0,0
276,56,645,18,1,0
54,48,569,9,1,0
393,55,525,23,1,1
621,60,2387,156,0,1
351,55,1190,40,0,0
150,50,521,7,1,0
174,53,1265,46,1,0
87,47,1432,53,1,0
246,59,2196,95,1,0
651,49,4878,95,0,0
165,38,1293,8,1,0
417,59,1089,38,1,0
315,36,2822,16,1,0
102,36,788,3,1,0
450,58,1402,54,0,0
66,47,675,11,0,0
72,49,529,24,0,0
126,35,3555,25,0,0
186,40,1807,12,0,0
231,53,609,21,1,0
285,54,623,7,0,0
138,45,750,15,0,0
237,43,638,3,0,0
132,58,335,22,1,0
459,58,797,24,0,0
222,51,921,24,1,0
246,50,1518,41,0,0
327,57,706,35,1,1
348,52,530,24,1,0
474,46,1188,25,1,0
180,31,2277,5,0,0
258,48,311,4,1,0
186,38,1154,10,1,0
195,40,990,5,1,0
282,37,3831,54,0,0
102,42,411,2,1,0
351,40,1159,11,1,0
1734,61,1839,103,1,1
90,46,635,8,1,0
288,62,493,23,0,0
81,39,514,6,1,0
438,56,793,19,0,0
78,27,157,0,0,0
189,34,391,1,1,0
174,45,509,5,1,0
894,69,1152,75,1,1
486,52,2644,77,1,0
282,41,3543,67,1,0
1026,61,1868,92,1,1
21,45,363,1,1,0
318,41,1971,25,0,0
294,46,2611,32,0,0
348,49,1580,34,1,0
273,67,510,28,1,0
195,50,918,22,1,0
201,38,2154,12,0,0
72,42,540,9,2,0
1335,66,4492,283,1,1
312,53,1046,17,0,0
138,37,792,4,0,0
390,46,1125,17,0,0
222,47,677,11,0,0
258,39,4282,45,0,0
162,43,1809,17,1,0
318,40,1194,7,0,0
138,53,498,7,1,0
120,38,1190,6,1,0
276,40,1442,10,0,0
78,57,447,16,1,0
183,67,382,30,1,0
216,41,3277,45,1,0
144,41,681,5,1,0
300,41,805,6,0,0
2385,56,2677,148,2,1
198,43,601,16,1,0
138,57,591,12,1,0
219,51,597,9,1,0
177,40,1025,7,0,0
87,47,1603,51,1,0
84,38,245,0,0,0
195,52,802,12,0,0
54,51,340,1,1,0
192,40,868,3,1,0
156,54,754,33,1,0
114,41,765,5,1,0
72,41,431,3,1,0
231,46,1217,19,0,0
192,50,433,5,1,0
165,34,913,5,0,0
255,39,3088,30,1,0
417,59,1085,38,1,0
75,50,702,16,1,0
45,49,441,12,2,1
417,61,1812,86,1,0
294,43,1885,29,0,0
183,45,1142,15,1,0
129,61,592,38,1,0
66,40,437,0,1,0
186,60,786,43,0,0
138,37,2921,17,0,0
144,57,753,37,1,0
393,51,1615,53,1,0
285,45,1741,22,0,0
741,73,1040,135,1,1
279,46,1464,21,1,0
303,66,643,66,1,1
1902,65,2612,178,1,1
453,45,1796,16,1,0
84,49,301,8,1,0
252,38,4874,17,0,0
168,47,518,7,1,0
267,53,1540,44,0,0
288,55,1112,29,1,0
231,46,1112,13,0,0
114,36,403,2,1,0
606,48,1199,16,1,0
240,45,592,4,1,0
201,52,445,12,0,0
126,39,339,8,0,0
99,42,702,3,0,0
210,43,1805,22,0,0
216,52,715,9,0,0
225,43,2442,10,1,0
1017,62,1247,88,1,1
114,55,577,26,1,0
195,53,532,8,1,0
465,44,1336,20,1,0
102,45,574,11,1,0
186,50,608,14,2,0
420,60,622,21,1,0
303,53,909,14,0,0
123,58,767,56,0,0
255,46,1092,22,0,0
117,42,634,9,0,0
147,33,1386,8,0,0
156,39,2281,22,0,0
282,54,747,18,1,0
531,59,4764,169,1,1
258,51,1176,39,1,0
144,42,596,7,0,0
333,58,2575,112,1,0
402,48,2577,28,1,0
219,43,2862,40,1,0
210,47,971,7,0,0
360,52,555,11,0,0
507,57,1819,93,0,0
243,42,3586,54,0,0
828,49,5296,97,1,0
177,43,696,7,1,0
258,44,1066,24,0,0
318,39,621,5,0,0
219,37,1594,9,0,0
72,40,970,6,1,0
237,51,2524,35,0,0
231,44,2308,19,1,0
222,44,831,7,1,0
159,57,721,18,1,0
477,50,1997,30,1,0
198,38,1717,6,0,0
408,55,480,29,1,1
264,44,1963,17,1,0
288,45,1122,20,1,0
327,38,5901,64,0,0
234,45,1555,17,1,0
150,42,1063,20,1,0
372,49,3703,113,1,0
429,63,657,41,1,1
300,51,1849,26,0,0
144,54,852,26,0,0
117,48,545,14,1,0
132,54,867,35,1,0
69,44,464,7,1,0
285,54,792,26,0,0
177,60,1624,83,0,0
135,50,1250,23,1,0
285,42,558,8,1,0
150,43,778,4,0,0
870,38,1414,14,0,0
201,45,1447,17,1,0
906,62,960,57,1,1
225,55,563,40,1,0
360,49,793,13,1,0
450,42,1228,23,0,0
1464,57,1916,116,1,1
0,64,143,13,1,0
105,48,535,1,1,0
81,49,517,9,1,0
210,50,1230,43,0,0
312,41,5413,38,0,0
378,50,2547,62,0,0
174,50,2497,30,1,0
141,40,920,5,0,0
198,49,1155,18,1,0
177,34,2850,13,0,0
147,52,471,12,1,0
321,39,448,10,1,0
168,46,428,12,1,0
366,35,1819,8,0,0
321,38,1386,6,1,0
420,58,3925,162,0,0
147,44,991,6,1,0
150,44,480,4,1,0
378,52,809,13,0,0
279,67,409,33,1,0
243,43,1427,20,0,0
150,52,702,21,0,0
579,47,1149,9,1,0
324,51,3106,44,1,0
291,35,2216,9,1,0
117,37,589,1,0,0
177,46,535,5,1,0
198,52,478,13,0,0
105,52,527,27,0,0
273,48,3794,54,1,0
186,45,1426,17,1,0
171,43,1753,35,0,0
294,47,2631,31,0,0
132,47,270,4,1,0
1356,63,1914,134,1,1
180,37,707,6,0,0
303,53,508,9,1,0
153,39,437,7,1,0
225,48,658,4,1,0
411,58,1763,59,1,0
621,57,6469,189,0,0
1521,64,2330,143,1,1
126,45,773,10,1,0
255,44,629,5,1,0
87,44,552,3,1,0
186,45,1651,18,0,0
237,44,611,5,1,0
2211,51,5890,107,1,0
198,55,491,25,1,0
183,43,428,3,1,0
147,51,996,36,0,0
267,58,1721,89,1,0
237,38,2053,9,1,0
114,49,440,12,1,0
225,45,395,2,0,0
174,54,1247,65,1,0
78,62,551,32,1,0
144,39,343,3,2,0
99,46,856,10,1,0
186,54,1871,107,1,0
141,43,1674,12,1,0
672,47,1581,11,0,0
153,43,1078,31,0,0
174,49,1709,37,0,0
18,58,378,9,0,0
147,56,1998,127,0,0
285,41,2745,23,0,0
213,44,1466,28,0,0
192,47,1087,16,1,0
270,39,1802,10,1,0
270,56,584,34,0,0
174,55,1414,72,1,0
108,46,535,11,0,0
48,50,493,11,1,0
117,52,235,5,1,0
267,51,1235,17,0,0
2010,65,2926,207,1,1
234,58,1284,49,0,0
2502,65,3793,258,1,1
183,35,2171,19,1,0
192,51,1800,60,0,0
1020,46,1436,21,1,0
120,34,1063,2,1,0
333,53,765,25,1,0
321,43,1264,18,0,0
174,45,907,11,1,0
222,42,554,3,2,0
264,38,1103,3,1,0
279,41,2192,23,1,0
87,44,646,3,1,0
300,38,2518,26,1,0
192,47,551,5,0,0
243,50,1263,43,0,0
81,46,1105,19,0,0
165,45,1614,25,0,0
141,30,1410,4,0,0
90,40,259,4,1,0
582,63,1118,39,0,1
519,58,816,43,1,1
714,71,1531,138,1,1
180,39,826,10,1,0
171,54,937,36,1,0
276,40,2663,35,1,0
246,51,1180,54,1,0
258,43,1207,24,1,0
156,49,546,12,2,0
66,26,379,1,0,0
21,39,286,2,1,0
264,53,4969,67,1,0
87,48,347,9,1,0
45,63,631,50,1,0
237,44,1094,19,0,0
1194,56,1955,51,1,0
132,60,709,39,1,0
87,43,705,11,1,0
570,47,2640,21,0,0
264,50,1766,44,1,0
132,44,1275,32,0,0
138,41,1989,11,1,0
2184,61,6083,452,0,1
300,51,2242,24,0,0
150,45,1071,10,0,0
222,48,1122,27,1,0
207,54,693,19,2,0
309,61,1340,66,2,0
417,62,1956,106,1,0
153,54,644,23,0,0
297,41,660,4,0,0
240,42,1417,30,0,0
48,52,726,11,1,0
246,39,2086,22,1,0
105,43,1306,30,1,0
168,44,1472,23,0,0
180,59,472,38,1,1
177,55,353,6,0,0
381,53,649,23,0,0
126,37,917,11,0,0
273,48,1558,60,1,0
222,56,821,27,1,0
213,46,1321,27,1,0
237,40,1439,4,1,0
186,54,639,34,1,0
111,45,279,2,0,0
207,52,1752,46,0,0
237,45,1021,6,1,0
216,53,1130,20,1,0
417,61,1336,63,1,0
312,42,887,10,1,0
354,44,1535,11,1,0
306,59,1871,45,0,0
276,43,3304,8,1,0
102,48,467,7,0,0
135,48,424,10,0,0
495,54,684,31,1,1
105,47,758,10,1,0
222,46,553,11,1,0
252,36,2234,11,0,0
279,52,789,17,0,0
435,56,1225,77,0,0
228,43,395,2,1,0
168,47,570,15,1,0
1299,65,2728,181,0,1
609,68,1067,69,1,1
177,45,1275,14,1,0
243,41,1460,16,0,0
87,44,675,3,1,0
216,38,2352,17,1,0
150,46,1968,64,0,0
1287,63,1684,116,1,1
192,39,1554,11,0,0
960,56,1260,38,1,0
93,54,429,25,1,0
123,47,627,10,1,0
66,40,231,1,1,0
249,34,1849,13,0,0
285,53,713,35,1,1
156,48,919,33,0,0
279,39,821,17,0,0
258,52,1358,47,1,0
75,48,724,25,0,0
123,40,598,3,0,0
117,52,448,21,2,0
267,67,568,37,0,1
201,33,2130,6,0,0
258,44,882,21,1,0
213,46,1798,40,1,0
477,50,2098,35,1,0
141,44,2117,35,1,0
132,49,1140,19,0,0
69,65,444,21,1,0
291,45,1232,21,1,0
168,49,1131,23,1,0
567,66,2010,127,1,1
477,49,2296,25,1,0
96,40,261,3,1,0
126,45,642,5,1,0
177,44,1600,23,0,0
135,37,500,2,1,0
453,58,690,41,1,0
24,51,342,21,0,0
204,41,385,1,1,0
147,46,648,7,1,0
195,60,638,36,1,0
117,41,1271,11,1,0
159,53,767,24,0,0
105,45,610,8,0,0
276,37,3667,46,1,0
177,37,1182,5,1,0
177,44,1393,27,0,0
246,48,929,12,1,0
132,47,674,8,1,0
195,53,572,9,0,0
138,37,1251,7,1,0
150,40,424,4,0,0
567,74,667,83,1,1
243,56,968,48,1,0
138,49,720,5,0,0
147,37,458,0,1,0
138,55,679,27,0,0
60,43,440,11,0,0
417,52,1070,25,1,0
252,72,780,87,1,1
141,51,977,37,1,0
432,54,3448,62,0,0
276,57,761,32,0,0
138,50,614,6,1,0
105,38,661,6,1,0
171,51,316,4,1,0
147,46,654,22,0,0
69,42,391,4,1,0
477,49,4525,49,0,0
282,48,1034,12,0,0
99,43,606,2,0,0
135,45,746,15,0,0
195,53,715,13,0,0
489,58,1180,35,1,0
279,46,2650,34,0,0
297,47,1135,43,1,0
225,54,1006,18,0,0
144,38,2636,9,0,0
558,60,1028,73,1,1
339,44,3294,32,0,0
222,39,784,6,0,0
393,43,2535,29,0,0
195,53,529,11,1,0
789,55,1934,47,0,0
30,48,459,9,0,0
180,53,323,4,1,0
264,48,2101,92,1,0
120,49,229,4,1,0
174,62,549,27,1,1
246,54,426,14,0,0
258,41,2179,22,1,0
627,66,2086,52,0,0
195,39,2379,35,1,0
84,52,394,6,1,0
201,36,877,8,1,0
189,45,826,9,1,0
219,36,1005,8,0,0
204,40,1950,24,0,0
195,51,837,9,0,0
297,38,1458,9,0,0
294,60,660,30,1,0
321,38,835,12,0,0
168,49,559,12,1,0
111,58,450,36,2,1
174,40,1153,8,1,0
120,47,346,6,1,0
12,46,401,5,1,0
237,54,1085,22,0,0
3,45,155,4,1,0
234,60,994,46,0,0
138,41,665,5,1,0
477,48,4790,39,0,0
48,35,448,3,0,0
1260,56,2306,114,3,1
177,39,1493,23,0,0
465,55,1052,47,1,0
138,38,432,5,1,0
288,51,1440,30,1,0
174,45,1491,23,1,0
291,37,2059,9,0,0
270,39,651,2,1,0
81,53,930,14,0,0
177,43,557,2,1,0
237,49,711,18,0,0
327,51,1697,23,1,0
87,45,389,1,3,0
252,53,1148,37,1,0
333,52,876,23,1,0
804,64,1058,86,1,0
708,59,1636,68,0,0
153,45,714,9,0,0
303,52,1590,29,0,0
1020,47,3139,91,0,1
66,39,339,3,1,0
123,41,1043,8,1,0
309,45,3138,20,0,0
240,38,382,5,1,0
144,39,656,6,0,0
360,48,1355,26,0,0
189,44,1666,11,1,0
192,47,791,14,1,0
159,49,888,7,0,0
60,58,268,5,2,0
147,30,1272,6,0,0
789,58,1253,33,1,0
171,46,1944,49,0,0
201,50,447,14,0,0
216,36,3949,28,0,0
258,51,743,16,1,0
180,46,596,12,0,0
276,44,1521,19,0,0
264,46,2754,51,1,0
198,43,1247,11,0,0
141,57,2038,132,0,0
189,49,299,6,0,0
366,39,2228,19,1,0
288,53,1138,31,0,0
42,39,310,3,1,0
216,45,1316,14,1,0
252,50,1082,42,1,0
198,45,1065,8,1,0
141,39,1661,11,1,0
267,54,718,13,1,0
282,49,1002,13,1,0
144,50,690,17,1,0
279,48,622,7,1,0
777,59,2260,147,0,1
114,50,687,20,0,0
48,46,435,8,1,0
81,50,755,16,1,0
300,42,938,12,1,0
306,47,2795,22,1,0
72,34,355,1,2,0
162,56,1378,77,0,0
192,48,1087,21,1,0
276,43,2137,12,1,0
831,48,2506,62,1,0
198,48,1144,32,1,0
183,42,1722,11,1,0
270,57,997,64,1,0
195,46,607,4,1,0
84,40,547,3,1,0
30,40,287,6,1,0
120,48,518,2,1,0
144,39,1798,14,1,0
177,48,645,4,1,0
261,54,1697,27,1,0
579,62,3608,136,1,0
249,48,1873,21,0,0
162,48,1897,50,0,0
186,48,607,17,0,0
1020,48,2923,78,0,1
2019,64,2307,135,1,1
126,50,663,25,0,0
111,51,490,14,1,0
51,51,400,17,0,0
465,54,1049,35,1,1
180,47,645,19,1,0
153,39,762,5,2,0
15,37,101,0,1,0
249,42,792,9,1,0
225,37,1277,19,1,0
102,42,765,4,1,0
183,44,749,12,0,0
117,42,911,12,1,0
255,53,1677,48,1,0
240,43,1247,9,0,0
255,52,704,9,1,0
243,49,1355,22,0,0
84,37,399,2,2,0
339,55,813,25,1,0
180,50,856,30,1,0
120,49,1052,16,1,0
132,37,1860,5,1,0
159,47,1319,16,1,0
84,51,779,24,1,0
117,49,703,5,1,0
87,45,458,25,1,0
219,51,1747,22,0,0
324,49,3105,85,1,0
234,55,725,17,0,0
1020,50,3163,128,0,1
99,59,1220,83,0,0
144,48,809,23,1,0
234,61,496,29,0,0
261,57,548,40,1,1
54,49,590,10,1,0
129,44,1092,18,0,0
1008,54,2250,39,1,0
201,49,486,18,1,0
468,52,925,13,0,0
45,45,356,5,1,0
375,68,877,79,1,1
216,52,2845,85,1,0
120,47,603,4,1,0
402,49,2157,24,1,0
66,43,249,6,0,0
249,43,900,8,1,0
195,44,790,4,1,0
192,41,930,8,0,0
225,51,822,7,1,0
111,47,638,9,1,0
183,46,635,10,1,0
285,45,1073,16,0,0
174,47,2381,74,0,0
174,45,851,10,0,0
156,37,1646,7,0,0
606,49,5044,72,1,0
243,42,1761,16,0,0
0,62,32,1,1,0
174,53,847,45,1,0
189,57,773,56,0,0
204,50,872,11,0,0
429,39,1371,7,0,0
1752,66,2191,136,1,1
198,47,547,4,0,0
105,45,575,3,1,0
72,61,653,46,1,0
522,67,876,31,1,1
867,58,1104,51,1,1
237,49,2210,41,0,0
99,49,347,18,0,0
321,43,748,10,0,0
195,41,955,4,0,0
207,39,1395,8,0,0
279,57,845,44,0,0
267,44,1784,41,0,0
141,45,1192,21,1,0
411,47,2024,25,0,0
186,32,3871,24,1,0
216,46,1301,10,1,0
159,50,722,19,1,0
120,42,662,4,1,0
111,36,641,5,0,0
327,42,3072,29,0,0
108,42,479,4,1,0
426,70,1531,109,1,0
123,43,436,8,1,0
243,50,1122,42,1,0
63,47,499,17,1,0
276,45,930,4,0,0
156,59,592,17,0,0
309,40,3864,24,1,0
306,60,1173,49,1,0
192,50,1644,52,0,0
237,55,1868,29,1,0
192,40,942,5,0,0
33,48,824,33,1,0
135,37,1662,8,1,0
117,40,755,4,0,0
117,52,559,12,1,0
108,45,629,2,1,0
120,53,466,9,0,0
69,46,850,11,0,0
258,51,726,9,1,0
51,37,314,0,0,0
495,50,2757,48,0,0
99,47,618,14,0,0
192,39,771,4,0,0
105,45,710,24,1,0
309,50,1479,42,0,0
150,48,739,14,1,0
204,41,1033,19,0,0
156,37,2299,16,0,0
207,40,1561,22,1,0
180,45,1195,7,0,0
234,52,941,26,0,0
138,53,840,14,0,0
180,52,736,41,0,0
276,60,797,68,1,0
417,61,1549,68,1,0
384,52,1116,18,1,0
240,53,1081,17,1,0
150,43,549,4,1,0
1023,53,1669,36,0,0
195,53,2203,101,1,0
417,61,1713,82,1,0
138,53,1092,21,0,0
702,67,705,58,1,1
432,44,835,13,1,0
699,71,2147,216,1,1
183,43,618,13,0,0
207,44,1534,10,1,0
153,46,2201,36,0,0
318,39,1169,7,0,0
417,61,1813,91,1,0
252,50,1903,67,0,0
411,64,1620,82,0,0
159,50,895,29,0,0
99,50,475,22,0,0
114,42,515,8,0,0
150,45,624,4,1,0
216,34,1358,12,0,0
27,40,222,0,2,0
249,44,670,8,1,0
162,45,386,1,0,0
168,43,1431,13,1,0
195,61,699,21,1,0
192,49,1649,40,1,0
102,44,1333,31,1,0
444,64,4247,261,1,0
81,39,605,8,1,0
174,35,2001,14,1,0
507,63,630,41,1,0
219,37,491,2,1,0
84,49,492,10,1,0
348,60,1443,54,1,0
96,38,423,3,0,0
144,36,442,0,1,0
135,40,441,5,0,0
153,47,888,12,0,0
159,47,503,5,0,0
1053,48,1606,25,1,0
426,69,1122,83,1,0
330,58,989,33,2,0
1185,68,2997,251,1,1
300,56,987,18,1,0
30,56,351,11,1,0
78,47,1112,20,0,0
1020,54,1650,69,1,1
234,59,1106,45,0,0
210,52,756,6,2,0
156,32,1810,8,0,0
81,53,353,6,1,0
120,56,556,20,1,0
246,53,1781,33,0,0
273,50,1248,58,1,0
144,53,736,28,0,0
132,52,596,10,1,0
273,47,1563,61,0,0
162,47,2447,47,2,0
225,50,678,6,1,0
237,50,304,6,0,0
621,58,1256,79,1,1
81,37,250,2,1,0
126,52,1532,17,1,0
102,43,529,4,1,0
330,51,1041,34,0,0
837,47,1142,14,1,0
177,45,1225,15,1,0
252,51,1470,45,1,0
42,36,185,2,0,0
105,52,846,47,0,0
258,51,1167,37,1,0
2355,57,2496,138,2,1
747,65,1900,94,1,1
159,54,1939,56,1,0
144,58,483,13,1,0
369,54,637,24,1,0
303,49,666,19,1,0
189,43,682,9,1,0
174,54,1034,41,1,0
804,64,1056,86,1,0
177,46,317,1,0,0
108,46,686,3,0,0
264,51,1686,43,0,0
354,51,607,6,1,0
480,57,1469,54,1,0
258,42,1050,21,1,0
21,45,222,2,0,0
60,44,439,5,3,0
129,38,925,4,1,0
147,31,1048,6,0,0
201,51,490,14,1,0
240,48,2013,30,1,0
453,60,579,33,1,1
132,53,856,19,1,0
246,53,531,16,1,0
2844,69,3053,281,1,1
153,39,434,4,0,0
273,44,1998,18,1,0
645,59,1930,84,2,0
174,48,1011,40,0,0
189,44,544,9,1,0
153,38,1262,7,1,0
150,43,901,5,0,0
240,50,2393,48,1,0
417,62,2226,122,1,0
1818,61,2571,115,1,1
783,64,1980,182,1,0
222,49,789,5,0,0
294,44,1489,13,1,0
435,67,568,34,1,1
12,56,467,9,0,0
60,34,629,6,0,0
258,47,1775,28,1,0
153,42,1104,4,1,0
324,39,1766,6,1,0
327,50,1553,18,1,0
123,42,763,17,0,0
153,38,1513,8,1,0
279,49,597,18,1,0
195,51,690,9,0,0
117,62,450,19,0,0
354,43,1430,10,1,0
111,40,405,7,1,0
204,41,1010,16,0,0
153,36,1430,9,0,0
93,54,861,37,0,0
60,66,440,53,0,0
162,57,755,20,1,0
228,41,779,9,1,0
282,48,1763,28,0,0
303,50,1392,26,0,0
234,55,749,24,1,0
78,44,718,11,1,0
183,47,1119,28,0,0
417,54,1416,43,1,0
195,42,805,4,1,0
129,45,656,3,1,0
390,60,728,40,1,0
195,53,790,13,0,0
132,40,1441,13,1,0
69,49,673,20,1,0
147,44,1039,6,1,0
168,50,952,32,0,0
81,43,517,3,1,0
129,36,562,5,1,0
243,34,5666,34,1,0
228,53,1023,17,1,0
1497,61,1798,90,1,1
231,40,1220,5,1,0
312,41,1129,13,1,0
132,33,1492,9,0,0
183,38,601,8,0,0
177,51,1041,14,1,0
267,44,401,6,1,0
153,51,433,9,1,0
249,57,772,21,0,0
171,38,2366,8,0,0
363,55,714,20,1,0
129,44,810,6,1,0
255,43,738,9,1,0
84,50,482,15,1,0
225,51,444,9,1,0
678,51,1186,57,0,1
243,43,1647,52,1,0
240,56,1319,62,1,0
84,43,757,4,0,0
198,42,653,5,1,0
165,51,878,26,0,0
231,46,831,11,0,0
189,41,870,7,2,0
135,43,886,8,1,0
246,56,567,33,1,1
879,48,1311,16,1,0
120,47,327,8,1,0
93,47,440,11,1,0
198,50,760,33,1,0
153,60,443,13,2,0
126,44,431,4,0,0
237,44,1111,21,1,0
2556,65,3475,181,1,1
216,36,1507,6,1,0
96,49,565,15,1,0
123,37,859,3,1,0
192,44,2254,12,0,0
510,67,811,61,1,1
195,54,808,35,2,0
357,55,1173,40,1,0
276,55,461,6,0,0
168,40,2502,27,0,0
147,47,600,4,1,0
216,59,1578,83,1,0
312,52,1138,17,0,0
141,47,1354,17,1,0
273,41,1438,16,1,0
96,47,688,16,1,0
129,39,983,5,1,0
51,35,385,2,0,0
84,55,540,19,1,0
183,43,886,10,1,0
270,56,952,52,0,0
231,37,1588,9,0,0
135,47,803,8,1,0
759,69,878,55,1,1
216,59,430,13,0,0
225,41,1443,16,0,0
51,53,488,22,1,0
150,51,422,6,1,0
222,48,728,17,1,0
855,43,3184,45,0,0
384,62,1389,47,1,0
201,38,1424,7,0,0
777,60,1047,79,1,1
63,60,698,45,1,1
177,46,574,7,1,0
150,40,618,13,0,0
165,37,528,3,1,0
168,52,1376,59,1,0
57,48,516,7,1,0
222,51,979,35,1,0
180,43,1389,10,1,0
375,51,2283,35,1,0
243,44,1400,13,0,0
276,56,2481,100,0,0
342,36,1152,14,0,0
123,36,507,2,1,0
171,48,541,3,1,0
213,41,2864,24,0,0
177,40,602,3,1,0
1332,40,3194,35,2,0
195,45,1158,14,0,0
336,44,458,7,0,0
165,41,1320,15,0,0
90,47,526,9,1,0
417,62,2505,145,1,0
324,55,1509,26,1,0
2019,65,2288,133,1,1
159,45,1310,25,1,0
222,55,1390,55,0,0
861,51,5368,142,1,0
201,43,1002,18,1,0
477,51,2156,50,1,0
123,51,789,6,1,0
183,53,956,18,1,0
264,45,2543,49,1,0
477,50,1784,27,1,0
153,45,637,8,1,0
201,59,406,11,1,0
285,69,690,41,0,1
129,36,621,6,1,0
351,43,1348,14,1,0
126,48,847,14,1,0
765,68,851,62,1,1
294,60,923,60,1,0
1989,66,2455,131,1,1
195,48,594,3,0,0
132,54,759,16,1,0
207,41,1273,12,0,0
96,34,671,5,0,0
99,56,883,57,0,0
195,46,554,4,1,0
195,42,825,5,1,0
147,46,442,8,0,0
153,49,1523,27,1,0
303,52,608,11,0,0
318,40,1271,8,0,0
102,34,672,4,0,0
177,48,1347,33,0,0
975,69,1002,61,1,1
75,37,497,5,3,0
585,61,2216,128,1,1
129,45,993,7,0,0
207,44,1129,9,0,0
129,38,969,4,0,0
147,44,941,5,1,0
111,51,1108,34,1,0
54,32,463,2,0,0
228,46,598,6,0,0
228,44,802,19,1,0
135,37,749,5,0,0
150,43,498,5,0,0
195,45,650,4,1,0
174,46,736,11,1,0
207,43,376,3,1,0
342,38,952,3,1,0
171,47,1548,10,1,0
378,59,1138,41,1,0
228,43,985,5,1,0
207,53,622,16,0,0
81,54,461,20,0,0
264,55,578,16,1,0
204,50,908,12,0,0
45,52,236,0,1,0
132,61,582,21,1,0
177,40,1024,8,1,0
99,42,480,6,1,0
204,49,499,20,0,0
672,48,1373,16,1,0
213,52,718,16,0,0
42,52,482,0,0,0
231,37,2449,18,0,0
156,45,502,5,1,0
2244,57,2534,142,3,1
81,50,668,20,0,0
420,54,2302,56,1,0
102,50,816,12,0,0
417,53,1136,34,2,0
102,47,1024,13,0,0
417,60,1269,56,1,0
258,51,647,9,1,0
201,51,1172,29,0,0
192,45,1365,13,1,0
150,37,1406,16,1,0
195,53,829,13,0,0
180,44,675,14,1,0
171,61,558,25,0,0
162,36,423,2,0,0
273,46,2257,78,0,0
225,47,671,5,1,0
153,39,479,3,0,0
231,41,1562,26,0,0
153,36,821,5,2,0
84,42,459,3,1,0
78,54,386,3,2,0
108,41,548,8,1,0
225,49,1029,9,1,0
318,54,1982,55,0,0
111,47,738,8,2,0
93,52,464,5,0,0
195,51,1253,30,1,0
195,57,596,20,1,0
435,66,660,23,1,0
207,41,1476,22,1,0
117,52,862,33,1,0
225,55,747,41,1,0
567,56,1566,95,1,0
360,50,801,16,1,0
2370,65,3520,152,1,1
240,45,1234,13,1,0
162,43,465,3,1,0
180,45,655,9,1,0
789,56,1863,46,1,0
2406,64,3050,154,1,1
63,46,555,6,0,0
123,36,794,2,1,0
183,43,2296,17,1,0
90,42,603,9,0,0
246,59,2529,101,1,0
159,42,702,8,1,0
204,46,604,4,1,0
363,37,4235,54,0,0
207,49,577,8,0,0
279,56,722,11,0,0
606,48,1273,17,1,0
282,40,2999,49,0,0
336,57,559,17,0,0
690,55,1159,30,0,0
2160,49,6212,92,1,0
426,45,1786,25,1,0
597,66,798,59,1,1
549,58,1672,60,1,0
345,38,1575,6,1,0
132,37,611,3,1,0
762,63,2095,167,1,1
81,54,609,29,1,0
234,48,1293,23,0,0
285,43,1015,9,0,0
237,55,696,11,0,0
327,37,1313,9,0,0
243,57,426,15,1,1
117,48,587,6,2,0
36,43,202,1,1,0
285,50,507,7,1,0
114,38,267,1,0,0
861,64,1695,102,2,0
828,62,1034,65,0,0
210,61,575,37,1,0
297,42,2610,27,0,0
219,35,1240,7,0,0
1020,47,2304,63,0,1
141,44,395,0,2,0
84,49,508,3,0,0
282,49,728,13,1,0
177,42,3014,28,0,0
351,51,2070,39,0,0
417,61,1950,107,1,0
69,51,441,6,0,0
135,49,1083,16,1,0
243,43,1098,24,1,0
174,56,607,11,1,0
177,41,541,4,2,0
309,44,2841,29,1,0
120,42,624,10,1,0
177,32,647,2,1,0
159,51,434,19,0,0
39,47,709,14,0,0
228,44,1298,18,1,0
294,48,794,6,0,0
417,61,1921,95,1,0
507,53,5243,181,1,0
132,38,534,4,0,0
258,49,1201,43,1,0
258,51,541,5,1,0
48,32,324,2,1,0
318,41,1176,6,0,0
294,50,5178,90,0,0
231,42,1321,19,1,0
1668,68,1671,120,1,1
270,51,2885,78,1,0
93,45,278,6,0,0
195,48,859,27,1,0
258,35,359,2,1,0
222,51,1259,41,0,0
174,48,992,40,1,0
156,46,2726,46,0,0
132,44,456,1,0,0
1326,66,2293,157,0,1
519,44,2262,46,0,0
186,59,573,31,0,0
123,42,488,6,1,0
153,37,1329,6,1,0
276,47,1554,27,1,0
240,37,1318,8,0,0
153,36,633,5,2,0
933,69,959,51,1,1
264,46,2493,49,1,0
417,59,1421,50,1,0
123,39,260,1,0,0
24,52,207,8,0,0
1242,57,1722,84,1,1
234,59,1259,50,0,0
600,62,1648,96,1,1
357,46,1349,13,0,0
690,58,890,46,1,1
240,49,1519,11,1,0
771,47,1039,14,1,0
267,40,2194,26,0,0
282,50,659,30,0,0
51,53,494,11,1,0
342,39,793,2,1,0
204,49,739,6,0,0
126,43,418,4,1,0
171,47,466,3,0,0
186,52,860,46,1,0
723,68,1083,76,1,1
216,39,1114,10,1,0
417,61,1521,76,1,0
117,50,692,28,1,0
78,50,339,11,1,0
168,41,2417,25,0,0
306,45,583,6,1,0
180,30,861,4,1,0
279,39,1141,10,1,0
894,53,2059,95,1,1
69,28,378,4,0,0
279,53,1717,49,0,0
369,54,4457,111,1,0
342,61,811,21,1,0
309,75,313,32,0,1
558,47,1865,33,0,0
132,52,769,24,0,0
195,55,809,22,1,0
318,39,1364,7,0,0
171,44,1804,46,0,0
153,58,427,16,1,0
1032,65,2324,123,0,1
117,50,1136,31,1,0
168,42,1680,14,1,0
219,42,2639,37,1,0
126,43,788,15,1,0
246,39,1528,8,1,0
72,36,459,3,0,0
1005,69,1012,60,1,1
96,58,567,15,1,0
474,52,6919,140,0,0
774,55,2575,51,0,0
186,42,1693,20,1,0
432,47,2491,13,1,0
249,40,2080,7,0,0
219,41,403,3,1,0
189,44,1180,9,0,0
276,48,489,5,1,0
114,56,947,37,0,0
147,33,1141,8,0,0
720,60,728,44,1,1
204,38,2359,10,1,0
132,39,494,3,1,0
162,50,610,12,0,0
249,59,385,6,1,0
255,69,634,33,1,0
225,39,890,4,0,0
225,39,1184,7,0,0
168,45,1019,5,1,0
255,46,2614,76,0,0
489,58,3217,139,1,1
165,45,517,4,1,0
363,54,695,17,1,0
417,60,1523,66,1,0
222,53,590,9,0,0
162,59,429,15,1,0
327,50,847,10,0,0
222,43,582,6,0,0
1023,54,2002,37,1,0
261,41,3664,35,0,0
321,45,1445,26,1,0
177,37,2156,7,0,0
168,42,461,4,0,0
243,46,1867,39,0,0
162,31,1161,8,0,0
114,35,526,3,0,0
321,38,1291,4,1,0
282,55,845,26,1,0
222,53,930,17,0,0
243,42,1093,20,1,0
156,50,415,5,0,0
627,39,1791,17,2,0
123,46,1271,51,1,0
453,53,4216,46,0,0
135,42,928,4,0,0
57,51,408,6,2,0
216,56,758,24,1,0
189,42,829,13,1,0
147,39,541,5,1,0
213,36,1893,11,0,0
129,45,580,13,1,0
399,40,4163,47,0,0
327,64,387,29,1,1
276,46,1092,7,0,0
183,55,665,35,1,0
234,51,1383,34,0,0
108,41,1065,5,1,0
78,46,442,14,0,0
186,41,1437,28,1,0
39,60,432,9,0,0
195,41,470,1,0,0
177,36,198,1,0,0
231,52,1196,15,1,0
129,41,684,5,0,0
279,54,573,16,2,0
276,36,878,10,0,0
249,56,1381,29,1,0
330,55,1268,42,1,0
135,53,579,5,0,0
225,51,486,7,1,0
216,38,456,5,0,0
210,44,629,4,1,0
168,46,768,9,0,0
120,52,172,1,1,0
123,49,558,3,0,0
264,46,2263,46,1,0
786,36,3412,34,1,0
309,65,569,26,2,0
99,50,536,15,1,0
183,51,1326,24,0,0
258,43,2118,15,0,0
174,40,2067,26,0,0
330,36,4182,26,0,0
216,55,469,12,1,0
621,59,1057,70,1,1
120,43,616,5,1,0
420,60,1051,64,1,0
426,54,912,14,0,0
225,53,569,12,1,0
372,49,551,8,0,0
303,38,4079,30,1,0
360,44,2366,18,0,0
198,60,1055,82,1,0
78,50,717,24,0,0
162,48,592,10,0,0
309,43,953,10,0,0
174,45,1141,12,0,0
120,46,939,18,1,0
171,49,1137,34,0,0
348,54,1484,44,1,0
909,65,1257,89,1,1
153,45,791,26,1,0
120,46,518,13,1,0
192,41,785,2,1,0
192,60,545,31,0,0
189,49,621,16,1,0
162,44,408,6,2,0
231,43,1801,9,1,0
207,43,1417,14,0,0
261,36,1097,5,1,0
54,42,287,4,1,0
231,50,3094,100,1,0
207,38,893,4,2,0
327,39,3491,22,0,0
132,45,510,3,0,0
129,41,657,4,0,0
306,45,3315,65,0,0
225,55,376,9,0,0
159,47,1592,35,0,0
720,41,1569,37,0,0
174,40,2308,30,0,0
312,48,639,9,1,0
90,48,683,6,2,0
237,57,1120,33,1,0
192,50,1295,42,0,0
126,42,616,11,1,0
234,59,1102,47,0,0
159,42,872,14,1,0
276,48,948,14,1,0
195,45,580,3,1,0
264,47,626,8,2,0
93,40,306,6,0,0
54,49,755,10,0,0
186,45,1000,7,1,0
243,38,4006,43,0,0
129,38,678,2,1,0
192,40,2167,12,0,0
789,55,1803,35,1,0
105,39,1667,22,0,0
195,47,624,8,1,0
105,46,481,7,0,0
486,61,1627,134,2,0
108,63,516,44,1,0
240,65,758,57,1,0
219,37,4396,18,1,0
141,69,483,35,1,1
120,38,2023,13,0,0
243,36,3379,27,0,0
237,45,3176,53,0,0
87,48,1460,57,1,0
171,44,644,3,0,0
150,45,661,7,0,0
204,36,1651,17,0,0
147,51,400,8,0,0
213,49,1299,35,1,0
249,49,1575,21,1,0
186,40,543,4,0,0
132,51,375,11,0,0
111,47,640,11,1,0
267,49,1253,33,0,0
1719,68,1722,123,1,1
150,41,731,4,1,0
309,50,731,7,0,0
327,48,2356,32,0,0
174,40,3990,41,0,0
189,44,1752,36,0,0
174,53,492,24,1,0
231,51,651,7,0,0
138,42,476,7,1,0
171,54,1758,67,1,0
276,46,948,14,1,0
264,43,823,9,1,0
234,36,3083,13,0,0
123,47,213,0,0,0
129,38,505,3,0,0
150,53,1461,36,1,0
2346,56,2992,160,2,1
327,47,5019,61,1,0
138,40,2039,19,0,0
72,53,696,30,0,0
312,39,961,3,1,0
501,60,504,32,1,1
888,48,2493,74,0,1
324,48,2469,62,0,0
360,55,1592,24,1,0
1197,66,2024,131,1,1
84,41,605,7,1,0
276,43,580,4,1,0
642,48,2493,26,1,0
414,53,2509,64,0,0
84,48,867,30,0,0
198,47,984,20,0,0
99,37,428,1,0,0
174,46,367,2,2,0
195,44,827,4,1,0
207,38,1542,10,1,0
186,42,1235,8,0,0
825,58,1021,68,1,1
354,43,1057,13,1,0
381,66,963,79,0,0
150,44,556,2,0,0
960,55,1994,42,1,0
111,46,454,4,2,0
216,41,930,7,1,0
99,47,452,4,1,0
312,40,840,12,1,0
738,57,2078,103,0,0
351,40,382,1,2,0
99,33,549,3,0,0
285,41,774,10,1,0
135,43,959,9,1,0
177,43,633,7,1,0
264,45,2515,47,1,0
450,59,1365,58,0,0
312,36,6038,33,1,0
111,38,542,2,1,0
138,45,467,7,1,0
123,38,771,1,1,0
243,53,535,11,2,0
273,40,2465,19,0,0
216,43,1359,30,0,0
84,57,328,17,0,0
195,52,588,4,0,0
402,42,901,4,1,0
285,56,760,39,1,0
12,49,168,2,1,0
144,54,454,15,0,0
237,45,353,13,1,0
264,52,1114,26,1,0
375,45,3068,49,0,0
135,42,666,7,1,0
111,45,371,3,1,0
150,43,479,3,1,0
156,39,575,3,1,0
414,44,1201,14,1,0
327,49,1360,13,1,0
195,38,1311,12,0,0
225,45,1558,19,1,0
441,61,2313,129,1,1
228,55,1657,23,0,0
126,34,1064,12,0,0
318,41,945,6,0,0
162,50,874,8,1,0
990,54,2711,47,0,0
186,54,1563,46,1,0
165,46,681,14,0,0
3039,68,3248,292,1,1
177,44,1613,19,0,0
600,46,2673,74,1,0
159,50,1007,33,0,0
102,52,480,22,1,0
129,51,1218,21,1,0
117,40,900,7,0,0
177,52,401,7,1,0
117,44,1224,29,1,0
297,44,1734,28,1,0
195,46,545,3,1,0
129,56,1047,28,0,0
195,49,952,30,1,0
135,41,1454,4,1,0
2304,45,2981,38,1,0
2046,69,2049,141,1,1
138,39,1369,17,0,0
141,50,365,5,1,0
207,52,1096,15,1,0
159,60,438,14,1,0
192,39,857,4,1,0
201,47,436,4,0,0
45,46,365,4,0,0
129,37,554,8,0,0
213,56,2306,116,1,0
564,56,582,19,2,0
243,46,2060,17,1,0
231,43,1653,9,1,0
216,45,2291,6,1,0
216,41,3846,15,0,0
261,57,2282,50,1,0
147,45,457,9,1,0
222,48,384,2,1,0
285,50,1656,34,1,0
153,48,1222,12,0,0
501,63,554,29,0,1
153,40,600,4,1,0
273,48,1200,48,1,0
69,53,742,11,1,0
492,51,982,14,1,0
180,50,513,4,1,0
318,40,2831,30,0,0
519,66,717,65,1,1
216,36,3698,24,0,0
78,39,619,7,1,0
123,61,776,41,0,0
183,53,821,44,0,0
117,40,1269,17,1,0
294,43,1462,14,1,0
348,59,1021,42,1,0
90,42,512,6,1,0
165,36,397,1,0,0
195,39,2475,33,1,0
246,55,858,16,1,0
195,46,1718,46,0,0
192,39,2633,11,0,0
138,38,649,4,0,0
1194,55,1385,37,1,0
1350,66,2001,148,0,1
225,40,2067,17,0,0
363,43,1876,49,1,0
525,56,2877,164,0,0
1050,61,1500,94,1,1
111,37,627,1,0,0
129,38,1010,4,1,0
1065,69,1184,67,1,1
165,33,1142,7,0,0
240,50,594,11,0,0
321,50,420,4,1,0
330,56,2307,113,0,0
339,43,1550,13,1,0
129,43,705,4,1,0
294,56,788,38,1,1
165,45,834,6,1,0
207,46,1662,42,0,0
543,38,1156,6,2,0
84,53,299,5,1,0
117,33,583,6,1,0
417,66,645,30,1,1
141,42,659,7,1,0
114,48,463,11,1,0
135,37,1247,8,0,0
126,42,885,12,0,0
297,57,1142,34,1,0
165,41,1057,12,0,0
312,41,3239,29,1,0
132,41,658,4,0,0
195,50,594,3,1,0
171,55,557,28,1,0
318,38,1651,24,1,0
198,49,1045,10,1,0
234,36,3223,13,0,0
195,45,527,4,1,0
96,45,746,20,1,0
222,47,715,11,0,0
480,45,2058,34,1,0
297,44,1391,26,1,0
234,48,1265,16,0,0
156,38,840,2,0,0
1773,56,3653,156,0,1
123,52,791,17,1,0
2448,69,3252,301,1,1
174,45,888,11,1,0
117,50,723,9,1,0
189,58,477,19,1,0
186,51,1145,12,1,0
213,46,2299,38,0,0
264,45,2545,49,1,0
78,36,776,2,1,0
234,60,992,46,0,0
252,54,1304,61,0,0
222,43,845,6,0,0
126,34,444,2,1,0
180,37,2922,35,0,0
366,50,5441,109,0,0
117,39,575,4,0,0
102,63,328,23,1,0
186,43,994,22,0,0
33,57,511,10,1,0
246,59,1764,68,1,0
273,46,745,9,1,0
228,54,682,35,1,0
186,53,514,10,2,0
270,41,6537,70,0,0
318,49,1461,21,1,0
180,45,682,6,1,0
357,55,1388,43,1,0
192,37,2438,16,0,0
108,36,853,4,1,0
180,41,1923,18,1,0
276,43,1348,10,1,0
390,58,1546,102,1,0
147,47,529,13,0,0
381,47,1706,17,1,0
384,66,913,70,1,1
279,55,425,27,1,0
288,52,1376,43,1,0
195,53,485,8,1,0
39,60,573,38,0,0
171,57,1284,36,1,0
963,42,2171,40,1,0
174,39,995,11,1,0
195,38,2513,31,1,0
300,59,767,54,1,1
99,53,687,14,0,0
228,35,2051,12,1,0
198,50,524,6,1,0
894,54,2815,139,1,1
798,59,1430,94,0,0
141,36,722,4,1,0
150,49,959,36,0,0
261,37,1354,7,0,0
165,45,1824,11,1,0
228,40,2171,15,1,0
312,49,2224,30,1,0
264,46,2330,50,1,0
165,48,838,17,1,0
174,46,1328,17,1,0
243,47,553,12,1,0
138,34,2538,13,0,0
1578,56,2227,112,2,1
279,53,760,15,1,0
90,35,1145,9,1,0
261,39,743,4,1,0
270,45,4860,40,0,0
177,45,675,12,1,0
117,38,682,7,1,0
297,48,1306,24,0,0
123,47,468,14,2,0
258,51,1291,40,1,0
165,43,600,8,1,0
105,40,1588,9,0,0
273,53,633,29,0,0
312,42,1028,12,0,0
186,41,1198,9,1,0
198,46,745,7,1,0
123,37,641,3,0,0
213,40,2086,8,1,0
174,42,1627,8,0,0
273,48,1553,64,0,0
444,68,458,31,0,1
510,61,2624,131,0,0
111,53,554,7,1,0
174,58,590,36,1,0
186,43,719,8,1,0
258,47,1555,18,1,0
303,53,1127,18,0,0
231,44,1572,25,0,0
237,45,940,5,1,0
72,56,428,17,1,0
120,48,858,11,0,0
168,40,3372,34,0,0
159,37,774,3,0,0
348,56,652,38,1,0
126,45,870,13,1,0
381,47,1983,36,0,0
135,50,484,15,1,0
228,45,723,6,0,0
159,53,446,10,1,0
1338,56,3235,165,0,1
21,54,379,13,1,0
153,39,3146,18,0,0
78,51,624,23,1,0
234,48,1276,16,0,0
195,44,890,11,0,0
276,39,1687,10,0,0
177,40,353,3,1,0
243,54,1186,25,1,0
141,35,430,0,1,0
249,46,663,8,0,0
99,52,886,17,1,0
234,48,1168,17,0,0
108,40,438,8,0,0
138,41,466,3,1,0
231,55,700,22,1,0
1020,48,2579,90,0,1
168,41,277,5,0,0
171,63,573,21,1,0
396,40,569,2,1,0
492,60,523,30,0,1
468,43,4186,45,0,0
180,50,432,4,1,0
120,46,692,21,0,0
78,46,816,12,0,0
360,55,1070,35,1,0
48,49,658,21,1,0
93,45,1077,15,0,0
195,50,430,7,1,0
1215,55,6434,246,0,1
192,51,947,26,1,0
6204,67,7394,540,1,1
744,56,2351,54,1,0
195,45,564,4,0,0
2238,56,2429,121,3,1
111,46,754,24,1,0
138,38,713,5,1,0
126,47,496,7,1,0
246,39,1374,7,1,0
873,56,1196,40,3,0
99,47,476,2,1,0
507,52,941,13,0,0
195,54,638,12,0,0
417,62,2666,148,1,0
147,38,1168,8,1,0
99,48,934,11,1,0
225,50,500,3,1,0
189,45,3245,33,0,0
288,47,1807,21,0,0
567,69,811,54,1,1
174,39,4486,49,0,0
312,55,477,13,1,0
204,42,771,4,1,0
318,43,1627,38,1,0
93,60,571,25,1,0
165,36,568,5,0,0
195,45,654,4,1,0
183,42,886,13,1,0
198,45,2002,19,1,0
1332,38,7697,69,1,0
300,55,1379,43,1,0
243,34,5774,33,1,0
264,52,3222,38,1,0
201,40,836,4,0,0
207,52,1213,16,1,0
117,43,600,8,0,0
141,47,973,14,0,0
258,38,1298,10,0,0
318,50,1155,17,1,0
147,63,579,30,0,1
135,46,845,10,1,0
243,41,1732,16,0,0
231,47,1140,22,0,0
30,34,377,4,0,0
90,53,244,5,1,0
129,38,924,4,1,0
207,44,519,3,0,0
417,60,1412,61,1,0
288,39,4519,52,0,0
138,56,1111,54,1,0
153,40,1219,14,0,0
198,50,1043,10,0,0
189,47,517,6,1,0
3183,50,4998,83,1,0
1020,48,3184,96,0,1
237,46,2518,40,1,0
477,50,2242,36,1,0
168,40,2776,10,0,0
342,51,768,25,2,0
165,46,637,13,0,0
186,49,500,6,1,0
1758,65,2481,174,1,1
246,48,384,3,1,0
273,48,1651,64,1,0
579,50,2212,75,0,0
135,48,259,4,1,0
159,42,909,7,1,0
108,49,537,8,1,0
87,47,1401,55,1,0
138,54,556,11,1,0
219,49,1188,33,1,0
177,54,590,35,0,0
390,45,853,12,0,0
84,57,386,5,1,0
174,53,865,47,1,0
231,42,952,31,0,0
120,49,800,30,0,0
45,48,519,10,0,0
126,51,947,38,0,0
195,56,623,17,1,0
282,47,2220,56,1,0
96,52,1043,45,0,0
231,52,1828,41,1,0
246,47,1077,16,0,0
162,39,2754,15,0,0
177,38,539,6,0,0
219,54,7134,106,1,0
183,54,557,39,1,0
243,44,1313,22,1,0
135,55,408,9,1,0
135,43,931,8,1,0
228,54,728,39,1,0
234,49,379,20,0,0
261,46,497,11,1,0
99,38,1060,4,0,0
186,62,515,28,1,0
960,54,2282,42,1,0
261,41,622,10,0,0
243,52,575,12,1,0
135,43,1450,28,1,0
744,45,4063,32,0,0
222,54,592,18,1,0
99,50,1234,37,1,0
147,41,2088,15,0,0
135,37,1217,4,0,0
102,50,394,2,0,0
237,54,362,7,1,0
171,43,917,12,1,0
60,53,424,7,0,0
195,37,983,4,0,0
168,45,1275,13,0,0
441,53,1460,27,1,0
189,31,1785,7,1,0
807,54,2728,43,0,0
138,46,775,5,0,0
594,63,1097,73,0,1
60,33,358,1,0,0
348,44,2941,48,1,0
300,57,660,8,1,0
258,44,829,17,0,0
159,49,1241,36,0,0
120,50,491,10,1,0
477,50,1947,49,0,0
456,36,2038,23,0,0
111,43,1394,17,1,0
96,54,634,30,1,0
213,39,2625,14,1,0
246,53,2094,40,1,0
300,50,2230,67,1,0
186,42,1025,12,1,0
396,47,778,7,1,0
393,51,1992,63,0,0
132,40,879,6,0,0
168,43,573,4,1,0
168,41,2732,39,0,0
453,56,2920,104,1,0
135,49,1094,16,1,0
78,61,427,32,1,0
123,55,363,8,2,0
504,37,1873,5,0,0
156,45,544,15,0,0
510,68,750,68,1,1
195,50,444,2,1,0
207,40,1638,12,0,0
5889,67,7477,545,1,1
402,61,582,34,1,1
603,61,7923,373,1,0
414,46,2575,24,1,0
405,59,1345,53,0,0
198,39,503,6,1,0
213,39,1857,11,1,0
297,55,1306,57,1,0
66,36,434,4,0,0
204,45,540,7,0,0
828,53,2375,83,0,0
483,56,683,28,1,1
195,41,1150,4,0,0
201,43,715,6,1,0
213,57,772,33,0,0
300,37,3788,48,0,0
339,36,4598,37,0,0
120,37,1203,23,0,0
201,44,276,1,1,0
93,55,283,18,1,0
411,46,2401,42,1,0
294,57,391,14,1,0
96,51,957,41,0,0
156,31,832,2,0,0
24,43,415,7,1,0
477,53,1276,23,0,0
159,28,518,0,1,0
342,53,494,10,0,0
246,58,1868,65,1,0
159,49,1239,36,0,0
318,43,821,6,0,0
228,42,1068,6,1,0
75,39,505,3,0,0
57,45,210,4,0,0
222,54,588,15,1,0
198,50,1007,9,1,0
234,50,1185,29,0,0
186,56,3222,103,1,0
450,58,1477,59,0,0
195,50,884,15,0,0
237,42,1573,7,1,0
282,56,811,23,1,0
186,49,426,14,0,0
114,39,446,6,1,0
90,59,457,28,1,0
147,32,1151,7,0,0
111,49,451,4,1,0
291,54,838,14,0,0
249,56,990,25,0,0
261,39,586,4,0,0
222,39,2362,11,1,0
252,43,708,2,0,0
303,38,4247,30,1,0
81,44,784,7,0,0
297,52,438,5,1,0
147,55,443,19,0,0
198,50,802,31,1,0
180,42,994,13,1,0
87,48,1421,60,1,0
168,46,504,19,0,0
291,65,748,33,2,0
291,53,545,10,0,0
138,65,427,41,0,0
174,38,669,5,0,0
54,53,273,10,0,0
300,43,643,5,0,0
255,37,759,3,0,0
642,64,791,65,1,0
1506,61,1832,90,1,1
306,63,910,62,1,0
198,40,751,3,1,0
357,55,1228,41,1,0
318,41,985,6,0,0
177,43,2599,31,1,0
156,46,692,8,1,0
195,53,660,10,1,0
123,42,988,11,0,0
402,50,2617,76,1,0
123,37,835,6,0,0
135,52,654,8,1,0
246,59,2170,94,1,0
207,52,406,20,1,1
111,43,1281,11,1,0
228,41,670,3,1,0
219,35,858,5,0,0
126,43,1886,30,1,0
294,51,2041,76,1,0
219,36,1040,5,0,0
1440,64,1632,122,1,1
246,29,950,5,0,0
351,61,822,35,1,0
144,49,520,19,1,0
330,38,1027,4,1,0
228,45,731,7,0,0
129,39,635,4,1,0
135,55,408,8,1,0
519,50,1149,27,1,0
177,47,649,9,1,0
111,48,523,7,0,0
231,53,1109,7,1,0
93,36,467,2,1,0
177,57,1138,72,1,0
1020,50,3145,132,0,1
246,59,2227,96,1,0
339,45,1537,25,1,0
330,55,856,21,1,0
108,48,441,8,1,0
306,35,2647,17,0,0
150,36,1517,9,0,0
174,61,584,19,1,1
501,63,819,30,0,1
183,47,1522,54,1,0
111,47,580,4,1,0
69,32,384,1,0,0
300,61,389,18,0,0
204,53,449,20,1,0
267,48,1322,19,1,0
69,42,480,6,1,0
153,41,1945,27,0,0
231,53,664,9,0,0
147,43,930,3,1,0
195,46,605,4,1,0
174,48,779,23,1,0
135,40,414,3,1,0
141,45,447,2,0,0
150,45,424,4,1,0
87,43,708,7,1,0
306,60,1090,47,1,0
174,54,1006,53,1,0
2043,66,2557,162,1,1
195,49,1229,39,1,0
222,46,802,15,1,0
195,39,902,3,1,0
243,34,5750,31,1,0
126,38,1248,13,1,0
327,50,2210,72,0,0
366,51,2495,53,1,0
384,72,1058,118,1,1
186,48,607,15,0,0
234,43,1012,3,0,0
249,44,752,8,1,0
378,57,887,28,1,0
126,47,2126,37,0,0
276,42,2183,11,0,0
150,53,603,13,0,0
264,45,2525,48,1,0
603,66,5675,280,1,0
327,54,749,12,0,0
501,42,1552,11,1,0
174,46,1260,22,0,0
276,41,2463,25,2,0
273,48,5333,153,1,0
162,54,598,34,1,0
9,41,165,0,0,0
279,55,623,15,1,0
276,50,1663,26,0,0
477,51,2018,50,1,0
477,52,1942,38,1,0
144,51,830,17,1,0
117,44,1038,18,0,0
192,44,2123,15,1,0
726,63,830,54,1,1
378,48,441,8,1,0
150,55,995,51,1,0
156,49,447,7,1,0
111,52,268,7,1,0
477,48,4586,33,0,0
126,44,650,7,0,0
99,51,549,8,0,0
330,53,999,31,1,0
54,52,354,11,1,0
246,58,1836,66,1,0
252,53,365,3,1,0
213,49,1227,34,1,0
168,41,333,5,1,0
282,55,686,18,1,0
501,55,1823,67,1,0
174,44,648,9,1,0
264,45,2343,46,1,0
126,57,1081,39,0,0
417,61,2046,105,1,0
114,52,283,6,0,0
174,40,3851,42,0,0
609,48,1260,17,1,0
1227,51,1686,45,1,0
261,49,667,11,0,0
99,40,457,0,1,0
138,45,446,4,1,0
141,39,549,3,1,0
840,41,5734,78,0,0
150,38,416,4,2,0
81,49,975,18,0,0
234,47,969,12,1,0
303,53,590,9,1,0
342,43,3122,39,1,0
285,43,1497,12,1,0
147,44,984,5,1,0
117,59,560,28,1,0
147,45,759,26,0,0
81,54,771,13,1,0
138,52,1140,22,0,0
150,49,689,18,1,0
165,42,801,11,0,0
129,37,695,4,0,0
591,51,1815,23,1,0
225,40,1178,20,0,0
138,44,794,19,1,0
309,54,457,12,0,0
66,44,399,6,1,0
126,44,420,1,1,0
150,43,753,4,0,0
282,53,900,17,1,0
387,54,2954,49,1,0
114,42,456,3,0,0
165,43,1991,15,0,0
168,40,1941,20,1,0
87,34,960,5,1,0
135,46,554,2,2,0
231,51,447,6,0,0
345,38,5842,18,0,0
528,52,589,15,2,0
117,53,1331,52,0,0
402,37,1382,10,1,0
357,53,988,30,1,0
126,52,1292,15,1,0
213,39,966,3,1,0
207,42,1321,20,0,0
126,40,617,3,0,0
249,54,2479,50,1,0
156,42,864,11,0,0
342,52,541,25,1,0
108,52,323,15,1,0
258,46,780,9,1,0
192,38,1330,6,0,0
123,30,565,3,0,0
24,46,232,3,2,0
480,38,1364,14,1,0
234,50,870,20,0,0
237,39,1161,4,1,0
291,49,532,2,1,0
141,45,795,7,1,0
264,48,943,12,1,0
261,51,1051,19,1,0
261,52,754,22,1,0
234,60,1138,51,2,0
174,45,848,11,0,0
195,54,867,21,1,0
300,41,559,1,1,0
108,47,470,5,1,0
243,38,1994,11,1,0
174,38,1606,10,0,0
171,40,602,7,0,0
162,49,2888,123,1,0
228,43,1290,10,1,0
258,51,693,11,1,0
237,57,1940,71,0,0
288,44,924,11,1,0
1818,60,2629,118,1,1
282,55,667,15,1,0
306,62,1701,95,1,0
195,46,688,7,1,0
84,39,171,0,1,0
279,42,1354,12,1,0
186,37,1570,9,0,0
528,48,2785,35,1,0
276,50,788,25,1,0
225,38,1108,21,1,0
207,54,569,22,1,0
111,46,631,5,1,0
294,51,919,49,1,0
216,58,540,20,1,0
465,51,2219,42,0,0
231,40,760,8,1,0
63,27,426,2,1,0
1023,65,2231,122,0,1
156,46,750,18,1,0
231,49,3097,99,0,0
153,44,691,8,0,0
102,50,1353,60,0,0
321,53,423,15,2,1
216,41,258,3,6,0
417,55,1412,46,1,0
750,64,778,59,1,1
240,45,776,3,1,0
141,41,968,11,1,0
102,36,553,7,0,0
159,48,1016,24,0,0
180,58,1565,19,2,0
192,55,450,20,1,0
177,52,1925,36,1,0
78,45,944,19,1,0
237,43,2639,61,0,0
159,44,453,0,1,0
237,45,1160,14,1,0
276,51,1217,31,1,0
207,41,1060,5,0,0
207,52,1107,15,1,0
57,41,552,9,0,0
219,50,931,27,1,0
183,42,745,11,1,0
282,58,841,70,1,0
156,40,893,12,1,0
960,55,1797,35,1,0
393,43,2720,32,1,0
192,43,1469,17,1,0
330,56,2306,114,0,0
144,43,500,9,1,0
57,47,354,0,0,0
213,47,1721,18,1,0
195,43,1348,15,0,0
168,51,506,9,1,0
213,60,530,42,1,1
141,47,987,18,1,0
321,42,1444,6,1,0
138,40,456,2,1,0
186,49,1365,48,1,0
189,54,1348,87,0,0
84,55,482,17,1,0
222,42,566,1,1,0
213,57,1141,71,1,0
87,57,823,29,1,0
66,41,466,6,1,0
141,54,1325,40,0,0
300,48,2339,25,0,0
84,40,780,10,1,0
132,53,489,15,0,0
237,47,2418,43,0,0
99,40,897,6,1,0
207,52,1205,16,1,0
444,65,576,52,1,1
174,46,1044,15,1,0
282,42,963,15,0,0
138,38,913,8,1,0
1233,56,3864,164,1,1
75,37,1550,15,1,0
135,39,591,5,1,0
78,58,380,10,0,0
144,55,1558,51,0,0
141,66,855,54,1,1
201,46,376,6,1,0
357,49,1853,28,1,0
306,44,377,2,1,0
246,46,1033,8,1,0
264,50,700,10,1,0
195,41,1017,5,1,0
192,47,994,10,1,0
273,37,5301,33,0,0
246,46,1189,16,0,0
201,46,826,12,1,0
252,52,695,13,1,0
123,51,607,9,1,0
99,46,303,7,0,0
507,49,3389,66,1,0
588,62,1056,91,1,1
18,34,247,2,1,0
189,53,551,9,1,0
258,46,636,22,1,0
231,52,1939,48,0,0
117,50,780,6,1,0
201,38,3668,53,0,0
129,40,859,15,0,0
141,51,568,9,0,0
255,39,643,5,1,0
492,57,769,25,1,1
36,41,213,3,1,0
117,33,290,1,4,0
150,53,1090,49,0,0
363,64,1904,94,2,0
138,39,1230,4,0,0
231,39,2513,16,0,0
234,54,1646,48,1,0
75,28,341,2,1,0
147,41,1741,9,1,0
369,53,1108,19,1,0
2247,59,2757,124,1,1
159,46,1364,25,0,0
66,39,454,6,0,0
372,49,3092,96,0,0
312,41,954,14,1,0
1044,63,2079,166,1,1
255,51,1039,29,0,0
147,51,751,16,0,0
387,51,872,32,0,0
132,40,897,6,1,0
150,33,1206,5,0,0
207,45,1631,10,1,0
597,67,1072,92,1,1
195,57,696,22,1,0
510,58,1691,61,0,0
171,49,1523,33,1,0
213,57,696,31,0,0
174,53,482,24,1,0
120,38,696,3,1,0
51,56,142,2,1,0
183,42,695,11,0,0
255,46,513,10,0,0
291,50,1502,31,0,0
150,40,1373,18,1,0
252,51,1130,32,0,0
168,45,508,3,1,0
78,36,608,5,2,0
153,48,1261,34,1,0
99,36,1098,7,1,0
225,47,383,7,1,0
399,70,716,49,1,0
225,48,1392,31,1,0
213,49,1758,34,1,0
120,45,1157,9,0,0
120,55,531,24,0,0
141,53,492,18,0,0
153,41,945,4,0,0
252,71,728,54,1,0
192,58,2509,126,0,0
150,38,1339,9,1,0
105,38,1264,12,2,0
174,45,1204,20,0,0
186,45,1358,18,1,0
570,54,4676,57,0,0
90,59,564,33,1,1
258,50,714,10,2,0
237,42,1479,30,1,0
171,44,790,10,1,0
315,48,984,22,0,0
54,50,523,16,1,0
276,46,732,5,1,0
417,58,959,29,1,0
804,64,1088,86,1,0
180,41,643,2,1,0
147,44,407,3,0,0
165,55,570,7,1,0
960,55,1872,40,1,0
201,39,1955,8,1,0
57,34,170,0,0,0
243,49,483,4,0,0
135,41,368,3,1,0
330,59,500,21,2,0
87,45,566,10,1,0
228,62,530,32,1,1
294,59,402,18,1,0
159,39,588,8,0,0
2337,56,2446,126,3,1
117,52,885,33,1,0
171,45,622,10,1,0
213,36,4437,43,0,0
159,42,474,2,1,0
318,42,1466,16,0,0
99,53,332,7,1,0
303,46,2504,21,1,0
330,63,837,73,1,0
132,42,606,5,1,0
177,45,1305,26,0,0
195,45,653,4,1,0
96,50,822,35,0,0
186,52,2044,51,1,0
6135,67,7326,535,1,1
135,42,955,8,1,0
120,54,791,19,1,0
180,49,1132,10,1,0
150,46,423,10,0,0
234,51,1219,39,0,0
315,48,574,13,1,0
138,45,1156,14,1,0
231,34,1157,7,0,0
288,43,833,5,1,0
120,52,485,22,1,0
174,53,1019,50,1,0
111,49,529,8,0,0
183,39,1114,10,1,0
276,52,1418,38,0,0
384,49,1695,80,1,0
369,50,1404,28,1,0
291,53,1401,20,1,0
960,55,1821,44,1,0
246,52,934,44,1,0
150,39,1305,11,0,0
543,65,690,62,1,1
96,50,269,6,1,0
615,49,2624,52,1,0
429,52,4036,113,1,0
2238,54,2653,127,2,1
417,60,1427,59,1,0
498,48,1417,13,2,0
285,53,630,15,0,0
243,34,5863,34,1,0
720,46,2750,70,0,1
255,57,510,13,1,0
294,43,1524,12,1,0
78,43,396,0,1,0
279,56,1402,42,1,0
540,60,661,53,1,1
477,50,2169,31,1,0
282,59,888,46,1,0
195,43,1326,14,0,0
189,40,3160,25,1,0
207,45,1418,10,1,0
351,60,783,29,1,1
279,52,1889,31,1,0
264,58,2006,59,1,0
201,50,835,13,1,0
285,42,399,2,1,0
339,47,1751,26,0,0
624,48,1568,16,1,0
213,47,682,5,1,0
123,58,535,25,1,0
231,44,1215,16,0,0
111,41,1174,7,1,0
1197,73,1506,117,1,1
165,50,579,14,0,0
195,46,566,4,1,0
189,43,1336,9,1,0
84,43,361,7,1,0
390,49,2400,54,1,0
222,42,2052,27,0,0
426,58,574,13,0,0
105,50,627,21,1,0
99,39,492,6,0,0
165,36,729,6,0,0
336,58,800,46,0,0
255,54,542,36,2,0
441,44,3351,44,1,0
663,73,885,114,1,1
48,52,575,11,1,0
195,54,1108,40,0,0
168,43,1281,11,1,0
264,45,2462,49,1,0
594,60,2307,130,0,0
234,51,1266,32,0,0
258,43,1104,22,0,0
231,47,710,9,1,0
222,51,610,8,1,0
189,44,582,7,0,0
417,60,1314,60,1,0
153,52,855,20,0,0
237,50,383,8,0,0
222,66,554,24,1,1
198,52,621,13,0,0
366,58,2131,107,1,0
201,60,351,8,1,0
135,43,1499,11,1,0
165,41,1712,12,1,0
165,52,524,9,0,0
156,38,384,1,1,0
330,60,579,21,0,1
159,51,621,11,2,0
741,62,836,37,0,0
210,42,1134,8,1,0
135,45,787,3,1,0
147,52,541,13,1,0
135,36,2686,19,0,0
417,56,920,28,1,0
135,48,806,8,1,0
417,60,1361,50,1,0
282,40,2986,51,0,0
249,44,1434,35,0,0
105,40,429,5,0,0
111,53,679,16,1,0
1227,63,2266,140,1,1
135,53,737,33,1,0
315,38,1731,16,0,0
531,53,2697,33,0,0
234,36,3178,12,0,0
960,55,1884,41,1,0
318,34,759,6,1,0
597,65,753,55,1,1
78,37,428,2,0,0
117,41,674,6,0,0
678,70,2124,197,0,1
309,54,632,11,0,0
195,52,546,8,0,0
99,54,560,16,1,0
789,55,1920,40,1,0
234,48,1332,18,0,0
330,52,2442,64,1,0
99,55,556,21,1,0
231,54,883,17,0,0
417,61,1707,84,1,0
150,43,262,3,1,0
93,39,626,2,1,0
105,51,584,16,1,0
87,45,626,3,1,0
231,45,1078,13,0,0
204,50,944,13,0,0
987,64,2805,256,0,1
282,48,929,11,0,0
237,47,1715,39,0,0
174,50,817,14,1,0
135,45,608,7,0,0
417,61,1826,88,1,0
150,40,932,4,0,0
246,37,2308,19,0,0
0,66,430,29,1,0
153,56,1215,59,1,0
159,61,1002,48,0,0
309,66,836,69,1,1
168,39,1241,10,1,0
81,48,573,6,1,0
132,46,986,16,1,0
135,41,535,6,1,0
159,58,608,15,1,0
84,49,276,2,1,0
21,61,204,14,0,0
114,57,368,21,1,0
1185,64,1282,101,1,1
258,48,562,7,1,0
804,64,1088,85,1,0
57,44,583,10,0,0
114,52,771,21,0,0
129,45,1723,21,1,0
318,38,1606,17,0,0
702,68,946,58,1,1
144,52,808,23,0,0
624,46,2829,19,1,0
1500,65,1707,117,1,1
450,44,749,7,1,0
147,44,834,3,1,0
138,36,1932,10,1,0
219,41,761,7,1,0
267,56,454,13,1,0
540,70,727,61,1,1
147,33,1213,9,0,0
126,51,515,2,1,0
168,52,300,11,0,0
60,47,533,19,1,0
111,46,352,2,1,0
27,57,415,31,1,0
195,58,585,23,1,0
339,42,1592,7,1,0
306,48,6616,169,1,0
105,47,261,3,0,0
216,52,1052,30,1,0
96,52,568,36,1,0
99,52,397,17,1,0
231,45,1467,15,0,0
282,42,3540,72,1,0
63,47,525,6,0,0
192,55,675,28,1,0
174,37,921,8,1,0
225,49,928,9,1,0
135,43,580,2,1,0
357,58,1675,52,1,0
138,40,1396,9,0,0
90,50,647,9,0,0
144,54,486,29,1,0
126,52,808,11,1,0
87,55,733,33,1,0
603,67,4032,193,1,0
1506,61,1862,91,1,1
243,38,3809,35,0,0
78,47,974,18,0,0
138,47,781,18,1,0
57,62,451,19,1,0
195,46,580,4,1,0
201,47,381,13,1,0
309,59,1132,51,2,0
174,40,3170,40,0,0
234,48,1087,17,0,0
225,40,840,4,0,0
168,45,583,4,1,0
195,46,503,2,1,0
96,36,523,2,1,0
168,48,780,6,1,0
201,41,401,4,1,0
477,48,4930,40,0,0
120,42,790,9,1,0
522,64,3542,136,1,0
165,41,1086,8,1,0
153,62,685,26,1,0
258,38,3992,33,0,0
150,41,1726,21,1,0
111,48,674,11,1,0
87,42,778,8,1,0
318,52,2979,71,1,0
123,33,694,7,1,0
174,43,2544,45,0,0
150,43,568,4,1,0
387,54,3030,46,1,0
174,44,845,18,0,0
1587,69,1731,110,1,1
